year,01,02,03,04,05,08,09,10,11,12,13,14,15,16,19,20,22,23,24,25,26,27,28,29,30,31,36,38,39,40,41,42,43,44,45,46,47,48,49,50,51,52,54,60,95,99,year_total,01.01,01.02,01.03,01.04,01.05,01.06,01.07,01.08,01.09,01.10,01.11,01.12,01.99,02.02,02.04,02.99,03.01,03.02,03.03,03.04,03.05,03.06,03.99,04.02,04.03,04.04,04.05,04.06,04.07,04.08,04.09,04.10,04.99,05.01,05.02,05.99,08.01,08.02,08.04,08.06,08.07,08.08,08.09,08.10,08.11,08.12,08.13,08.99,09.01,09.04,09.07,09.09,09.10,09.99,10.01,10.02,10.03,10.99,11.01,11.02,11.03,11.04,11.05,11.06,11.07,11.08,11.09,11.10,11.99,12.02,12.03,12.04,12.05,12.99,13.01,13.02,13.03,13.04,13.05,13.06,13.07,13.09,13.10,13.11,13.12,13.13,13.14,13.15,13.99,14.01,14.02,14.03,14.04,14.05,14.06,14.07,14.08,14.09,14.10,14.11,14.12,14.13,14.14,14.16,14.17,14.18,14.19,14.20,14.21,14.22,14.23,14.24,14.25,14.27,14.28,14.32,14.33,14.34,14.35,14.36,14.37,14.38,14.39,14.40,14.41,14.42,14.43,14.44,14.45,14.99,15.01,15.02,15.03,15.04,15.05,15.06,15.07,15.08,15.09,15.10,15.11,15.12,15.13,15.14,15.15,15.16,15.99,16.01,16.02,16.03,16.04,16.05,16.06,16.07,16.08,16.09,16.10,16.11,16.12,16.13,16.14,16.15,16.16,16.99,19.01,19.02,19.04,19.05,19.06,19.07,19.09,19.99,20.01,20.02,20.03,20.04,20.05,20.06,20.99,22.00,22.01,22.02,22.03,22.99,23.01,23.04,23.10,23.13,23.14,23.99,24.01,25.01,25.03,25.99,26.01,26.02,26.03,26.04,26.05,26.06,26.07,26.08,26.09,26.10,26.11,26.12,26.13,26.14,26.15,26.99,27.01,27.03,27.05,27.99,28.01,28.03,28.04,28.99,28.XX,29.01,29.02,29.03,29.04,29.99,30.00,30.01,30.05,30.06,30.08,30.10,30.11,30.12,30.13,30.14,30.15,30.16,30.17,30.18,30.19,30.20,30.21,30.22,30.23,30.25,30.26,30.27,30.28,30.29,30.30,30.31,30.32,30.33,30.99,31.01,31.03,31.05,31.06,31.99,36.01,38.00,38.01,38.02,38.99,39.02,39.03,39.04,39.05,39.06,39.07,39.99,40.01,40.02,40.04,40.05,40.06,40.07,40.08,40.10,40.99,41.00,41.01,41.02,41.03,41.99,42.01,42.27,42.28,42.99,43.01,43.02,43.03,43.99,44.02,44.04,44.05,44.07,44.99,45.01,45.02,45.03,45.04,45.05,45.06,45.07,45.09,45.10,45.11,45.12,45.13,45.14,45.99,46.01,46.02,46.03,46.04,46.05,46.99,47.01,47.02,47.03,47.04,47.06,47.99,48.02,48.03,48.05,48.07,48.08,48.99,49.01,49.02,49.03,49.99,50.01,50.02,50.03,50.04,50.05,50.06,50.07,50.09,50.10,50.99,51.00,51.01,51.02,51.04,51.05,51.06,51.07,51.08,51.09,51.10,51.11,51.12,51.13,51.14,51.15,51.16,51.17,51.18,51.19,51.20,51.21,51.22,51.23,51.24,51.25,51.26,51.27,51.29,51.31,51.32,51.33,51.34,51.35,51.36,51.37,51.38,51.39,51.99,52.01,52.02,52.03,52.04,52.05,52.06,52.07,52.08,52.09,52.10,52.11,52.12,52.13,52.14,52.15,52.16,52.17,52.18,52.19,52.20,52.21,52.99,54.01,60.01,60.04,60.05,95.95,99.99
1987,23118.0,192.0,5154.0,14530.0,4781.0,13510.0,50570.0,6338.0,61073.0,7108.0,182186.0,106313.0,84575.0,15801.0,20291.0,9221.0,46026.0,42533.0,138736.0,4210.0,48358.0,21103.0,451.0,102.0,24261.0,5536.0,3.0,7847.0,20171.0,30592.0,1106.0,58045.0,31876.0,32457.0,93543.0,6285.0,26897.0,7646.0,6070.0,56336.0,212870.0,456763.0,19828.0,726.0,0.0,483.0,2005621.0,6416.0,723.0,1063.0,48.0,292.0,2627.0,39.0,0.0,4661.0,853.0,2843.0,329.0,3224.0,0.0,0.0,192.0,1198.0,205.0,260.0,188.0,1984.0,1085.0,234.0,6940.0,1182.0,748.0,3644.0,1088.0,85.0,0.0,0.0,0.0,843.0,3697.0,837.0,247.0,23.0,923.0,255.0,133.0,548.0,46.0,117.0,111.0,3112.0,38.0,0.0,8204.0,22686.0,13782.0,6466.0,4514.0,0.0,3122.0,284.0,2585.0,2297.0,1172.0,42989.0,3985.0,3668.0,7044.0,626.0,0.0,0.0,0.0,0.0,0.0,2761.0,0.0,1030.0,5178.0,887.0,13.0,14627.0,836.0,4927.0,12621.0,889.0,306.0,67.0,311.0,17011.0,10164.0,65742.0,49610.0,733.0,229.0,4113.0,5946.0,3875.0,791.0,525.0,1018.0,469.0,6768.0,11617.0,2897.0,33380.0,443.0,551.0,631.0,467.0,113.0,6262.0,1006.0,19399.0,814.0,415.0,505.0,704.0,225.0,1288.0,566.0,28.0,0.0,0.0,0.0,0.0,0.0,1228.0,0.0,325.0,0.0,0.0,0.0,0.0,0.0,0.0,4057.0,2664.0,1804.0,37158.0,2769.0,2544.0,7760.0,989.0,10877.0,539.0,148.0,284.0,3274.0,4403.0,0.0,0.0,0.0,9362.0,3179.0,0.0,354.0,712.0,1782.0,0.0,7.0,0.0,8281.0,0.0,164.0,663.0,0.0,0.0,0.0,110.0,549.0,4688.0,176.0,688.0,4161.0,806.0,6859.0,2670.0,243.0,2130.0,617.0,121.0,5789.0,130.0,243.0,191.0,354.0,37039.0,0.0,6676.0,1957.0,30768.0,158.0,7538.0,1174.0,1639.0,1256.0,138736.0,4017.0,161.0,32.0,31514.0,500.0,821.0,665.0,3077.0,855.0,3909.0,0.0,191.0,523.0,0.0,0.0,1290.0,0.0,184.0,4829.0,17524.0,1396.0,1159.0,1024.0,21.0,1.0,3.0,256.0,170.0,102.0,0.0,0.0,0.0,0.0,0.0,6566.0,29.0,925.0,111.0,0.0,0.0,0.0,0.0,42.0,0.0,0.0,0.0,0.0,616.0,0.0,0.0,0.0,0.0,0.0,0.0,0.0,0.0,0.0,0.0,0.0,0.0,0.0,15972.0,2401.0,2518.0,266.0,0.0,351.0,3.0,0.0,3956.0,3500.0,391.0,2922.0,480.0,1846.0,367.0,11754.0,126.0,2676.0,1431.0,279.0,626.0,13613.0,5931.0,733.0,7041.0,0.0,938.0,0.0,44.0,259.0,469.0,334.0,46835.0,1457.0,7233.0,2520.0,28866.0,2482.0,0.0,528.0,1712.0,8338.0,730.0,19131.0,2546.0,6733.0,3840.0,138.0,1375.0,40.0,25252.0,3805.0,5378.0,29247.0,14000.0,869.0,0.0,0.0,2866.0,313.0,1276.0,1920.0,755.0,483.0,1538.0,5967.0,3230.0,961.0,1111.0,13358.0,2270.0,152.0,327.0,6441.0,234.0,0.0,492.0,3325.0,2260.0,401.0,84.0,2103.0,196.0,916.0,10553.0,6079.0,2459.0,19006.0,11490.0,143.0,3391.0,0.0,2583.0,5718.0,5014.0,0.0,7759.0,10253.0,7827.0,16557.0,7940.0,1076.0,15767.0,440.0,0.0,5398.0,2109.0,1422.0,562.0,1621.0,6557.0,592.0,456.0,8576.0,2604.0,0.0,542.0,68.0,315.0,381.0,0.0,0.0,0.0,0.0,0.0,0.0,78966.0,16420.0,5347.0,68390.0,139343.0,67273.0,37051.0,0.0,3828.0,556.0,30957.0,8247.0,7323.0,2887.0,23223.0,2279.0,33821.0,2806.0,1241.0,499.0,4331.0,9645.0,0.0,0.0,13063.0,19828.0,521.0,69.0,136.0,0.0,483.0
1988,22167.0,145.0,5499.0,14454.0,4922.0,10572.0,52280.0,5535.0,56903.0,7222.0,189128.0,102878.0,90647.0,15836.0,19695.0,9889.0,46941.0,44975.0,144687.0,4053.0,46908.0,20694.0,407.0,132.0,26231.0,5551.0,7.0,7709.0,20108.0,28431.0,1031.0,59682.0,32474.0,32455.0,96293.0,6612.0,27673.0,7321.0,6674.0,56595.0,208935.0,462089.0,21080.0,732.0,8484.0,0.0,2032736.0,5870.0,674.0,850.0,47.0,303.0,3088.0,36.0,0.0,4847.0,956.0,2800.0,283.0,2413.0,0.0,0.0,145.0,1363.0,249.0,364.0,273.0,2063.0,1015.0,172.0,6873.0,1198.0,761.0,3877.0,1105.0,50.0,0.0,0.0,0.0,590.0,3889.0,769.0,264.0,33.0,980.0,181.0,100.0,729.0,33.0,125.0,644.0,3208.0,3.0,0.0,4536.0,23895.0,13847.0,6216.0,4870.0,0.0,3452.0,247.0,2434.0,2076.0,778.0,38940.0,3875.0,3414.0,7003.0,493.0,0.0,0.0,0.0,0.0,0.0,3178.0,0.0,1137.0,5407.0,639.0,39.0,14484.0,781.0,4714.0,13246.0,962.0,327.0,70.0,349.0,16149.0,10081.0,72126.0,50850.0,767.0,217.0,4005.0,5835.0,4048.0,812.0,530.0,1030.0,491.0,5705.0,10933.0,3107.0,32745.0,549.0,423.0,735.0,446.0,70.0,6263.0,1054.0,19078.0,781.0,321.0,445.0,619.0,207.0,918.0,583.0,43.0,0.0,0.0,0.0,0.0,0.0,1505.0,0.0,245.0,0.0,0.0,0.0,0.0,0.0,0.0,3357.0,2724.0,1725.0,37197.0,2694.0,2938.0,7882.0,1089.0,10711.0,6018.0,222.0,364.0,3624.0,4323.0,0.0,0.0,0.0,9136.0,3118.0,0.0,400.0,672.0,1759.0,0.0,11.0,0.0,8302.0,0.0,151.0,709.0,0.0,0.0,0.0,169.0,545.0,4213.0,182.0,732.0,3914.0,807.0,6728.0,2886.0,233.0,2459.0,679.0,140.0,6061.0,175.0,266.0,109.0,382.0,36961.0,0.0,7953.0,1645.0,32720.0,196.0,7885.0,1173.0,1600.0,1401.0,144687.0,3891.0,126.0,36.0,30803.0,538.0,782.0,709.0,2842.0,904.0,3760.0,0.0,171.0,435.0,0.0,0.0,1259.0,0.0,208.0,4497.0,17161.0,1625.0,1155.0,753.0,8.0,4.0,2.0,269.0,124.0,132.0,0.0,0.0,0.0,0.0,0.0,7007.0,25.0,930.0,142.0,0.0,0.0,0.0,0.0,48.0,0.0,0.0,0.0,0.0,597.0,0.0,0.0,0.0,0.0,0.0,0.0,0.0,0.0,0.0,0.0,0.0,0.0,0.0,17482.0,2327.0,2397.0,262.0,0.0,565.0,7.0,0.0,4343.0,2973.0,393.0,3129.0,485.0,2073.0,305.0,11564.0,93.0,2459.0,1328.0,325.0,619.0,12908.0,4811.0,694.0,6943.0,0.0,803.0,0.0,103.0,223.0,435.0,270.0,49015.0,1523.0,6960.0,2184.0,29368.0,2403.0,0.0,703.0,2276.0,8523.0,752.0,19259.0,1645.0,7199.0,3954.0,177.0,1473.0,56.0,25802.0,3730.0,5817.0,29442.0,14813.0,913.0,0.0,0.0,2917.0,318.0,1498.0,2198.0,1072.0,571.0,955.0,6156.0,3537.0,970.0,982.0,13076.0,2952.0,328.0,278.0,5784.0,347.0,0.0,584.0,3765.0,2590.0,262.0,57.0,2262.0,150.0,869.0,11829.0,6072.0,2438.0,19629.0,11020.0,163.0,2163.0,0.0,2656.0,5459.0,4620.0,0.0,7280.0,10692.0,8062.0,16009.0,6932.0,1176.0,15449.0,395.0,0.0,5850.0,2028.0,1290.0,498.0,1546.0,6832.0,649.0,528.0,8634.0,2766.0,0.0,1035.0,75.0,405.0,439.0,0.0,0.0,0.0,10.0,0.0,0.0,75941.0,16225.0,5454.0,67708.0,143510.0,67022.0,35952.0,0.0,3663.0,756.0,33633.0,8585.0,7717.0,2982.0,20130.0,2060.0,34764.0,2515.0,1100.0,619.0,5437.0,10906.0,0.0,0.0,13030.0,21080.0,509.0,94.0,129.0,8484.0,0.0
1989,20257.0,259.0,5062.0,15174.0,5499.0,9433.0,54325.0,6626.0,51734.0,6788.0,200822.0,100434.0,86404.0,17027.0,19588.0,10004.0,49334.0,49108.0,151852.0,4337.0,46250.0,20159.0,273.0,310.0,26924.0,5677.0,19.0,8399.0,19367.0,27939.0,1009.0,64432.0,33802.0,34148.0,102776.0,6149.0,23144.0,6568.0,8378.0,56962.0,210229.0,463020.0,23036.0,796.0,14613.0,0.0,2068446.0,5625.0,529.0,817.0,39.0,285.0,2663.0,36.0,0.0,4221.0,976.0,2454.0,272.0,2340.0,0.0,0.0,259.0,1206.0,192.0,311.0,259.0,1865.0,1061.0,168.0,7171.0,1339.0,834.0,4079.0,1165.0,84.0,0.0,0.0,0.0,502.0,4342.0,908.0,249.0,27.0,1255.0,141.0,84.0,1424.0,45.0,142.0,131.0,2054.0,39.0,0.0,4091.0,24932.0,14436.0,6392.0,5056.0,0.0,3509.0,134.0,2570.0,2093.0,1829.0,35664.0,3460.0,2989.0,6612.0,413.0,0.0,0.0,0.0,0.0,0.0,2596.0,0.0,1185.0,4986.0,579.0,38.0,15841.0,323.0,5878.0,13985.0,935.0,327.0,102.0,370.0,16791.0,10424.0,76967.0,52904.0,1018.0,287.0,4670.0,5446.0,3965.0,757.0,634.0,1130.0,421.0,5482.0,10912.0,3170.0,31378.0,467.0,456.0,696.0,473.0,40.0,6193.0,1119.0,19340.0,771.0,209.0,416.0,617.0,183.0,702.0,578.0,54.0,0.0,0.0,0.0,0.0,0.0,1526.0,0.0,176.0,0.0,0.0,0.0,0.0,0.0,0.0,3123.0,2662.0,1699.0,32074.0,3013.0,2558.0,7225.0,1175.0,10026.0,7212.0,671.0,326.0,3365.0,4333.0,0.0,0.0,0.0,10065.0,3310.0,0.0,439.0,676.0,1863.0,0.0,13.0,0.0,8898.0,0.0,133.0,787.0,0.0,0.0,0.0,232.0,676.0,3745.0,195.0,821.0,3521.0,809.0,7106.0,3058.0,333.0,2484.0,808.0,109.0,6185.0,122.0,239.0,57.0,457.0,38807.0,0.0,8481.0,1589.0,35546.0,187.0,8632.0,1414.0,1942.0,1387.0,151852.0,4135.0,164.0,38.0,30449.0,567.0,732.0,730.0,2616.0,876.0,3690.0,0.0,181.0,413.0,0.0,0.0,1297.0,0.0,219.0,4480.0,16867.0,1450.0,1237.0,605.0,7.0,2.0,1.0,221.0,42.0,310.0,0.0,0.0,0.0,0.0,0.0,7056.0,50.0,1014.0,128.0,0.0,0.0,0.0,0.0,52.0,0.0,0.0,0.0,0.0,576.0,0.0,0.0,0.0,0.0,0.0,0.0,0.0,0.0,0.0,0.0,0.0,0.0,0.0,18048.0,2255.0,2341.0,327.0,0.0,754.0,19.0,0.0,4715.0,3145.0,539.0,2964.0,578.0,1984.0,343.0,11280.0,112.0,2106.0,1265.0,343.0,608.0,12702.0,4404.0,628.0,7286.0,0.0,703.0,0.0,80.0,237.0,433.0,259.0,52308.0,1638.0,7732.0,2754.0,30432.0,2699.0,0.0,671.0,2023.0,8571.0,752.0,20740.0,2062.0,7512.0,4142.0,127.0,1401.0,38.0,26474.0,3753.0,6169.0,32731.0,16271.0,979.0,0.0,0.0,3179.0,330.0,1300.0,1891.0,1104.0,470.0,1054.0,4771.0,3501.0,783.0,418.0,12610.0,1061.0,351.0,277.0,5134.0,331.0,0.0,475.0,3849.0,3501.0,267.0,761.0,2420.0,107.0,945.0,11585.0,6134.0,2496.0,20328.0,11006.0,164.0,1777.0,0.0,2909.0,5425.0,4583.0,0.0,7017.0,10548.0,8855.0,16420.0,6498.0,1120.0,15816.0,498.0,0.0,6109.0,1772.0,1372.0,496.0,1640.0,7205.0,657.0,629.0,9150.0,2591.0,0.0,1070.0,77.0,365.0,367.0,0.0,0.0,0.0,0.0,0.0,0.0,74528.0,17385.0,5127.0,68525.0,145817.0,66711.0,33809.0,0.0,3666.0,776.0,33336.0,9124.0,7940.0,3293.0,18328.0,2817.0,34450.0,2595.0,1156.0,576.0,5068.0,10814.0,0.0,0.0,14219.0,23036.0,496.0,80.0,220.0,14613.0,0.0
1990,20884.0,211.0,6112.0,15483.0,6278.0,10363.0,57051.0,5970.0,51853.0,6208.0,213372.0,97781.0,84059.0,18101.0,22523.0,10600.0,51069.0,54517.0,164426.0,4695.0,47813.0,19907.0,275.0,271.0,27732.0,5820.0,17.0,8902.0,19484.0,27074.0,1084.0,70396.0,36970.0,35346.0,110320.0,6568.0,24903.0,7065.0,10045.0,60170.0,223045.0,465618.0,25510.0,931.0,16103.0,0.0,2152925.0,5767.0,564.0,861.0,31.0,337.0,2865.0,26.0,0.0,4520.0,951.0,2614.0,275.0,2073.0,0.0,0.0,211.0,2192.0,225.0,262.0,292.0,1850.0,1013.0,278.0,7159.0,1431.0,804.0,4134.0,1241.0,106.0,0.0,0.0,0.0,608.0,5004.0,1049.0,225.0,16.0,1187.0,165.0,83.0,1475.0,38.0,142.0,624.0,2483.0,32.0,0.0,4118.0,26531.0,14708.0,6105.0,5339.0,0.0,4368.0,101.0,2443.0,2037.0,1389.0,32818.0,6410.0,2844.0,6474.0,373.0,0.0,0.0,0.0,0.0,0.0,2934.0,0.0,1137.0,4573.0,465.0,33.0,16822.0,373.0,6571.0,14330.0,942.0,334.0,33.0,374.0,16843.0,11323.0,84454.0,54495.0,991.0,362.0,5125.0,5545.0,4292.0,741.0,613.0,1181.0,506.0,5160.0,10752.0,2836.0,29883.0,422.0,434.0,676.0,526.0,32.0,6090.0,1200.0,18870.0,685.0,175.0,367.0,612.0,193.0,527.0,671.0,62.0,0.0,0.0,0.0,0.0,0.0,1505.0,0.0,111.0,0.0,0.0,0.0,0.0,0.0,0.0,3114.0,2610.0,1823.0,29175.0,3445.0,3164.0,7077.0,1269.0,9697.0,6003.0,807.0,281.0,3384.0,4704.0,0.0,0.0,0.0,10620.0,3594.0,0.0,508.0,736.0,1867.0,0.0,12.0,0.0,9364.0,0.0,153.0,779.0,0.0,0.0,0.0,317.0,771.0,3815.0,214.0,980.0,3226.0,814.0,10122.0,2984.0,368.0,2758.0,887.0,108.0,6408.0,143.0,172.0,124.0,432.0,37899.0,0.0,10858.0,1880.0,39918.0,222.0,9229.0,1552.0,2041.0,1555.0,164426.0,4493.0,171.0,31.0,31213.0,601.0,696.0,802.0,2744.0,1018.0,3707.0,0.0,136.0,419.0,0.0,0.0,1500.0,0.0,220.0,4757.0,16576.0,1382.0,1318.0,631.0,11.0,4.0,3.0,221.0,36.0,271.0,0.0,0.0,0.0,0.0,0.0,7467.0,45.0,1061.0,124.0,0.0,0.0,0.0,0.0,69.0,0.0,0.0,0.0,0.0,600.0,0.0,0.0,0.0,0.0,0.0,0.0,0.0,0.0,0.0,0.0,0.0,0.0,0.0,18366.0,2213.0,2310.0,358.0,0.0,939.0,17.0,0.0,5165.0,3183.0,554.0,2744.0,627.0,2125.0,364.0,11346.0,316.0,1962.0,1400.0,351.0,628.0,12303.0,3814.0,625.0,7326.0,0.0,627.0,0.0,92.0,267.0,441.0,284.0,57556.0,1507.0,8442.0,2891.0,33381.0,2885.0,0.0,704.0,2147.0,8893.0,751.0,21968.0,1587.0,8284.0,4762.0,154.0,1574.0,50.0,26973.0,3976.0,6610.0,35649.0,17883.0,1036.0,0.0,0.0,3369.0,218.0,1413.0,2456.0,1058.0,459.0,964.0,5787.0,3474.0,752.0,1953.0,12071.0,866.0,672.0,202.0,5494.0,296.0,0.0,401.0,4346.0,4300.0,343.0,1056.0,2774.0,111.0,885.0,12337.0,6424.0,2827.0,21342.0,11638.0,190.0,1642.0,0.0,2595.0,5887.0,4430.0,0.0,7063.0,10510.0,10417.0,17607.0,6336.0,1055.0,15522.0,565.0,0.0,7050.0,1919.0,1388.0,508.0,1571.0,7850.0,736.0,689.0,9483.0,2612.0,0.0,1463.0,246.0,359.0,441.0,0.0,0.0,0.0,0.0,0.0,0.0,77879.0,21366.0,5498.0,70894.0,144113.0,69114.0,31245.0,0.0,3896.0,868.0,33446.0,9940.0,8400.0,3495.0,17411.0,3006.0,34681.0,2378.0,1290.0,612.0,5322.0,10582.0,0.0,0.0,14925.0,25510.0,500.0,190.0,241.0,16103.0,0.0
1991,20128.0,93.0,5661.0,17054.0,6659.0,9978.0,58954.0,5725.0,48931.0,5459.0,221063.0,95775.0,75267.0,19099.0,20631.0,15257.0,53600.0,60053.0,177277.0,5209.0,50277.0,19869.0,288.0,215.0,28052.0,5335.0,243.0,9515.0,18189.0,27270.0,1338.0,76013.0,38153.0,36549.0,115955.0,6808.0,23852.0,6784.0,10496.0,63412.0,231464.0,464572.0,28080.0,844.0,50942.0,0.0,2236388.0,5481.0,550.0,936.0,87.0,273.0,2830.0,26.0,0.0,4206.0,902.0,2431.0,272.0,2134.0,0.0,0.0,93.0,1544.0,293.0,311.0,281.0,1910.0,1078.0,244.0,7267.0,1601.0,870.0,5454.0,1232.0,73.0,0.0,0.0,0.0,557.0,5242.0,1125.0,292.0,5.0,1131.0,194.0,119.0,1444.0,42.0,141.0,980.0,1745.0,29.0,0.0,4148.0,27011.0,15457.0,6333.0,5555.0,0.0,4598.0,116.0,2223.0,1993.0,1393.0,30777.0,5877.0,2853.0,6380.0,292.0,0.0,0.0,0.0,0.0,0.0,2752.0,0.0,972.0,4028.0,394.0,65.0,16554.0,288.0,7233.0,14116.0,983.0,340.0,47.0,378.0,16992.0,11824.0,90584.0,54926.0,1218.0,367.0,5213.0,5397.0,4021.0,708.0,603.0,1174.0,491.0,5075.0,10958.0,3059.0,28159.0,406.0,508.0,672.0,684.0,24.0,6113.0,1339.0,18565.0,617.0,192.0,349.0,600.0,182.0,350.0,660.0,71.0,0.0,0.0,0.0,0.0,0.0,1484.0,0.0,128.0,0.0,0.0,0.0,0.0,0.0,0.0,3186.0,2691.0,1790.0,25914.0,2910.0,3102.0,6737.0,1145.0,9590.0,189.0,801.0,302.0,3354.0,5532.0,0.0,0.0,0.0,11210.0,3764.0,0.0,557.0,851.0,1960.0,0.0,12.0,0.0,9903.0,0.0,155.0,841.0,0.0,0.0,0.0,327.0,729.0,3674.0,242.0,925.0,3251.0,870.0,8470.0,2903.0,296.0,4680.0,970.0,503.0,8728.0,142.0,133.0,101.0,466.0,39521.0,0.0,11455.0,2158.0,43932.0,216.0,10221.0,1700.0,2167.0,1817.0,177277.0,4982.0,191.0,36.0,33579.0,628.0,679.0,793.0,2614.0,1059.0,3751.0,0.0,163.0,405.0,0.0,0.0,1710.0,0.0,262.0,4634.0,16520.0,1404.0,1268.0,677.0,16.0,1.0,1.0,235.0,35.0,215.0,0.0,0.0,0.0,0.0,0.0,8149.0,63.0,132.0,144.0,0.0,0.0,0.0,0.0,52.0,0.0,0.0,0.0,0.0,595.0,0.0,0.0,0.0,0.0,0.0,0.0,0.0,0.0,0.0,0.0,0.0,0.0,0.0,18917.0,2184.0,2391.0,378.0,0.0,382.0,243.0,0.0,5488.0,3274.0,753.0,2590.0,638.0,1942.0,349.0,10671.0,322.0,1677.0,1499.0,334.0,615.0,12445.0,3760.0,620.0,7280.0,0.0,717.0,0.0,126.0,265.0,450.0,497.0,62641.0,1764.0,8891.0,2717.0,34407.0,3025.0,0.0,721.0,2446.0,8774.0,860.0,22948.0,1521.0,8790.0,5306.0,158.0,1810.0,57.0,26532.0,4207.0,6965.0,38301.0,19602.0,1015.0,0.0,0.0,3212.0,295.0,1328.0,2641.0,995.0,496.0,1053.0,5159.0,3528.0,936.0,411.0,13170.0,648.0,229.0,284.0,5502.0,321.0,0.0,448.0,4879.0,4530.0,82.0,1005.0,2886.0,132.0,968.0,12337.0,6710.0,3275.0,23215.0,11845.0,169.0,1875.0,0.0,2646.0,6549.0,3929.0,0.0,6964.0,10925.0,9164.0,19098.0,6572.0,1101.0,15448.0,390.0,0.0,7569.0,1890.0,1389.0,460.0,1469.0,7990.0,594.0,744.0,9844.0,2450.0,0.0,1311.0,77.0,470.0,423.0,0.0,0.0,0.0,0.0,0.0,0.0,83793.0,23098.0,5107.0,69234.0,144111.0,70582.0,30471.0,0.0,3904.0,858.0,31951.0,10737.0,9614.0,4062.0,16545.0,3164.0,34254.0,2126.0,1605.0,663.0,5080.0,10068.0,0.0,0.0,15543.0,28080.0,512.0,93.0,239.0,50942.0,0.0
1992,21746.0,375.0,7867.0,13141.0,7339.0,9296.0,61736.0,5365.0,50311.0,10462.0,225525.0,95601.0,73613.0,20828.0,23482.0,10404.0,58261.0,63431.0,190578.0,5340.0,54226.0,20005.0,0.0,358.0,32235.0,10244.0,3.0,10364.0,17998.0,28305.0,1348.0,81644.0,42254.0,39949.0,123472.0,6319.0,29741.0,7668.0,11760.0,73488.0,255903.0,477223.0,30806.0,0.0,29448.0,0.0,2339462.0,5829.0,515.0,922.0,108.0,307.0,2857.0,30.0,9.0,5522.0,930.0,2498.0,247.0,1972.0,29.0,14.0,332.0,3087.0,520.0,337.0,192.0,2131.0,1247.0,353.0,7010.0,1771.0,944.0,1263.0,1395.0,71.0,0.0,0.0,0.0,687.0,5441.0,1448.0,450.0,1.0,844.0,130.0,137.0,4706.0,53.0,173.0,755.0,1588.0,62.0,0.0,847.0,29649.0,14733.0,7308.0,6232.0,0.0,3814.0,157.0,2657.0,1922.0,629.0,26800.0,4636.0,3343.0,6131.0,450.0,0.0,4889.0,0.0,281.0,0.0,3781.0,0.0,1340.0,4535.0,4554.0,33.0,18937.0,250.0,8063.0,15241.0,1064.0,302.0,99.0,409.0,18355.0,12207.0,89878.0,53633.0,1701.0,952.0,4434.0,5188.0,4183.0,754.0,621.0,1185.0,445.0,5432.0,11950.0,3134.0,27323.0,468.0,496.0,625.0,967.0,25.0,6117.0,1314.0,18866.0,499.0,195.0,365.0,588.0,235.0,411.0,709.0,81.0,139.0,0.0,0.0,0.0,0.0,808.0,0.0,133.0,0.0,0.0,0.0,0.0,0.0,0.0,2345.0,2550.0,1841.0,24272.0,2807.0,2878.0,7056.0,1585.0,8295.0,184.0,1348.0,739.0,4489.0,9396.0,0.0,628.0,0.0,5545.0,4538.0,0.0,762.0,932.0,2132.0,0.0,13.0,0.0,10433.0,0.0,251.0,946.0,0.0,0.0,0.0,415.0,406.0,3566.0,168.0,1200.0,3428.0,741.0,11338.0,2800.0,241.0,0.0,3661.0,611.0,5514.0,155.0,95.0,368.0,827.0,39230.0,712.0,14789.0,2703.0,46914.0,333.0,10696.0,1840.0,1994.0,1654.0,190578.0,5023.0,194.0,123.0,36396.0,3734.0,736.0,1139.0,2754.0,974.0,3880.0,14.0,153.0,507.0,174.0,26.0,1570.0,0.0,285.0,1884.0,16580.0,1404.0,1504.0,517.0,0.0,0.0,0.0,0.0,0.0,358.0,0.0,0.0,0.0,0.0,0.0,8391.0,122.0,197.0,340.0,40.0,423.0,49.0,29.0,79.0,109.0,0.0,0.0,0.0,730.0,0.0,0.0,0.0,0.0,0.0,0.0,0.0,0.0,0.0,0.0,0.0,0.0,0.0,21726.0,2583.0,2773.0,4607.0,0.0,281.0,3.0,0.0,5772.0,3148.0,1444.0,2438.0,613.0,2030.0,342.0,10702.0,760.0,1113.0,1193.0,349.0,756.0,13101.0,4002.0,684.0,7452.0,113.0,655.0,0.0,113.0,241.0,442.0,552.0,67770.0,1984.0,9520.0,2370.0,38095.0,3547.0,0.0,612.0,2654.0,8986.0,1098.0,25574.0,1637.0,9617.0,5956.0,148.0,2077.0,36.0,26676.0,4659.0,7947.0,40615.0,21782.0,973.0,0.0,0.0,2986.0,245.0,1300.0,2756.0,934.0,541.0,543.0,6402.0,4086.0,1186.0,384.0,17344.0,339.0,240.0,265.0,6329.0,375.0,0.0,459.0,5582.0,5090.0,327.0,761.0,2197.0,115.0,1064.0,19229.0,7283.0,4387.0,25030.0,12868.0,341.0,974.0,0.0,2694.0,7874.0,3639.0,567.0,7528.0,12386.0,10500.0,22060.0,5870.0,6794.0,15470.0,624.0,134.0,8343.0,4995.0,1232.0,585.0,1326.0,3065.0,504.0,3335.0,10261.0,2044.0,327.0,1641.0,207.0,0.0,559.0,0.0,58.0,0.0,0.0,10.0,0.0,90730.0,25269.0,5272.0,55218.0,171762.0,73178.0,30367.0,229.0,4054.0,938.0,32399.0,11454.0,10397.0,4622.0,16164.0,3448.0,33028.0,2119.0,1858.0,680.0,4262.0,8318.0,0.0,0.0,12728.0,30806.0,0.0,0.0,0.0,29448.0,0.0
1993,23149.0,332.0,10526.0,13638.0,7903.0,8426.0,62136.0,5637.0,52252.0,11298.0,228663.0,99247.0,75519.0,22114.0,26512.0,7829.0,61737.0,65013.0,195084.0,5327.0,58665.0,20088.0,0.0,1333.0,36726.0,11711.0,6.0,10563.0,18977.0,29026.0,1135.0,86177.0,50551.0,42683.0,125975.0,7452.0,33488.0,7671.0,12543.0,75507.0,280573.0,481550.0,31882.0,0.0,15320.0,0.0,2421944.0,5763.0,625.0,1020.0,212.0,350.0,3373.0,37.0,25.0,5878.0,946.0,2500.0,251.0,2169.0,30.0,14.0,288.0,3935.0,674.0,384.0,213.0,2356.0,1435.0,1529.0,7359.0,1845.0,861.0,1319.0,1366.0,103.0,0.0,0.0,0.0,785.0,5513.0,1980.0,410.0,44.0,705.0,182.0,180.0,4110.0,35.0,162.0,627.0,1595.0,24.0,0.0,762.0,30126.0,14663.0,7345.0,6317.0,0.0,3685.0,95.0,2851.0,1995.0,696.0,27640.0,4680.0,3335.0,7162.0,386.0,0.0,4536.0,0.0,363.0,0.0,4150.0,0.0,1471.0,4712.0,5097.0,18.0,17664.0,312.0,8804.0,15504.0,1126.0,294.0,122.0,394.0,19542.0,12940.0,89411.0,54113.0,1849.0,1453.0,5135.0,5516.0,4013.0,752.0,543.0,1350.0,455.0,6243.0,13337.0,3258.0,27188.0,488.0,422.0,792.0,1218.0,19.0,5811.0,1463.0,19591.0,566.0,203.0,314.0,619.0,222.0,447.0,850.0,54.0,166.0,0.0,0.0,0.0,0.0,925.0,0.0,162.0,0.0,0.0,0.0,0.0,0.0,0.0,2260.0,2427.0,1977.0,23676.0,2890.0,3572.0,7343.0,1747.0,8567.0,229.0,1616.0,684.0,4501.0,10013.0,0.0,925.0,0.0,5352.0,4890.0,0.0,835.0,950.0,2135.0,0.0,13.0,0.0,11093.0,0.0,298.0,964.0,0.0,0.0,0.0,488.0,448.0,3426.0,160.0,1367.0,4660.0,832.0,12621.0,3260.0,186.0,0.0,2743.0,110.0,4312.0,65.0,184.0,415.0,597.0,40719.0,1514.0,16928.0,1979.0,48404.0,333.0,10772.0,1945.0,2090.0,1469.0,195084.0,5040.0,171.0,116.0,39486.0,3985.0,713.0,1355.0,2864.0,1057.0,4104.0,26.0,152.0,472.0,190.0,44.0,1837.0,0.0,368.0,2012.0,16756.0,1377.0,1516.0,439.0,0.0,0.0,0.0,0.0,0.0,1333.0,0.0,0.0,0.0,0.0,0.0,8250.0,118.0,412.0,309.0,40.0,499.0,98.0,32.0,127.0,102.0,0.0,0.0,0.0,613.0,0.0,0.0,0.0,0.0,0.0,0.0,0.0,0.0,0.0,0.0,0.0,0.0,0.0,26126.0,2419.0,2960.0,6066.0,0.0,266.0,6.0,0.0,5909.0,3555.0,1099.0,2293.0,593.0,1862.0,324.0,11887.0,1016.0,1002.0,1303.0,404.0,732.0,13461.0,4249.0,830.0,7259.0,113.0,675.0,0.0,154.0,169.0,595.0,217.0,70823.0,1987.0,10588.0,2779.0,44669.0,3724.0,0.0,2158.0,2992.0,9335.0,1138.0,27363.0,1855.0,10736.0,6464.0,132.0,2081.0,54.0,24826.0,4994.0,8619.0,40791.0,23390.0,1082.0,0.0,0.0,2806.0,254.0,1367.0,3259.0,1229.0,747.0,596.0,5496.0,4766.0,1181.0,433.0,19350.0,2262.0,168.0,325.0,6381.0,393.0,0.0,404.0,5742.0,5694.0,359.0,748.0,2157.0,106.0,1069.0,19641.0,7639.0,4738.0,25740.0,12910.0,554.0,953.0,0.0,2799.0,8967.0,3639.0,583.0,8110.0,15700.0,12120.0,26772.0,6554.0,2681.0,15737.0,781.0,62.0,8092.0,5287.0,1172.0,739.0,1627.0,8038.0,476.0,4053.0,11553.0,2057.0,411.0,2031.0,212.0,0.0,643.0,0.0,64.0,0.0,0.0,8.0,0.0,97649.0,27685.0,4271.0,53825.0,173611.0,75192.0,29917.0,554.0,4044.0,1272.0,30539.0,11530.0,12952.0,5526.0,17036.0,3761.0,32153.0,2211.0,1882.0,721.0,3919.0,7901.0,0.0,0.0,13004.0,31882.0,0.0,0.0,0.0,15320.0,0.0
1994,23125.0,437.0,11421.0,13582.0,8284.0,7225.0,59892.0,6575.0,52058.0,12706.0,232674.0,100474.0,77186.0,22422.0,30687.0,5856.0,62542.0,63092.0,201535.0,5553.0,63888.0,19882.0,0.0,1570.0,38255.0,13565.0,5.0,10239.0,20765.0,30784.0,1237.0,90310.0,53340.0,45378.0,125530.0,8097.0,36370.0,7566.0,12578.0,78820.0,306972.0,480527.0,31814.0,0.0,6958.0,0.0,2481776.0,5839.0,565.0,1058.0,154.0,330.0,3448.0,37.0,37.0,5798.0,963.0,2581.0,263.0,2052.0,31.0,19.0,387.0,4656.0,662.0,375.0,173.0,2531.0,1435.0,1589.0,7325.0,1895.0,867.0,1211.0,1426.0,97.0,0.0,0.0,0.0,761.0,5496.0,2380.0,408.0,19.0,571.0,88.0,173.0,3852.0,44.0,163.0,583.0,1031.0,2.0,0.0,699.0,29534.0,13518.0,6922.0,6159.0,0.0,3759.0,82.0,2910.0,2223.0,1360.0,27630.0,3885.0,3395.0,7006.0,421.0,0.0,4990.0,0.0,398.0,0.0,4333.0,0.0,1618.0,5554.0,5485.0,49.0,17932.0,340.0,9368.0,15869.0,1150.0,383.0,155.0,445.0,20678.0,13649.0,90242.0,53506.0,1883.0,1995.0,5079.0,5639.0,3614.0,766.0,569.0,1418.0,410.0,6961.0,14326.0,3477.0,25698.0,461.0,409.0,691.0,1591.0,24.0,5711.0,1453.0,20289.0,510.0,196.0,336.0,612.0,284.0,530.0,870.0,105.0,138.0,0.0,0.0,0.0,0.0,682.0,0.0,212.0,0.0,0.0,0.0,0.0,0.0,0.0,2492.0,2856.0,2104.0,24210.0,3380.0,3631.0,7092.0,2091.0,8176.0,160.0,2015.0,702.0,4641.0,10426.0,0.0,1068.0,0.0,4634.0,4833.0,0.0,802.0,969.0,2108.0,0.0,20.0,0.0,11162.0,0.0,276.0,1042.0,0.0,0.0,0.0,800.0,410.0,3266.0,156.0,1409.0,5300.0,776.0,16506.0,3017.0,257.0,0.0,1006.0,76.0,4049.0,82.0,217.0,426.0,624.0,40353.0,1618.0,17894.0,2053.0,47615.0,361.0,9657.0,2093.0,1916.0,1450.0,201535.0,5210.0,220.0,123.0,43253.0,4407.0,788.0,1582.0,2927.0,1182.0,4345.0,21.0,150.0,516.0,197.0,94.0,2122.0,0.0,395.0,1909.0,16594.0,1282.0,1558.0,448.0,0.0,0.0,0.0,0.0,0.0,1570.0,0.0,0.0,0.0,0.0,0.0,8330.0,100.0,349.0,353.0,53.0,578.0,117.0,32.0,128.0,148.0,0.0,0.0,0.0,748.0,0.0,0.0,0.0,0.0,0.0,0.0,0.0,0.0,0.0,0.0,0.0,0.0,0.0,27319.0,2619.0,3223.0,7266.0,0.0,457.0,5.0,0.0,5830.0,3456.0,953.0,3465.0,584.0,2139.0,330.0,12279.0,995.0,973.0,1321.0,395.0,814.0,14314.0,4602.0,814.0,7577.0,209.0,738.0,0.0,180.0,199.0,593.0,265.0,74058.0,2033.0,11225.0,2994.0,48466.0,3939.0,0.0,935.0,3138.0,9766.0,1312.0,29223.0,1939.0,10921.0,6959.0,202.0,2632.0,50.0,23250.0,5389.0,7995.0,39290.0,25000.0,1160.0,0.0,0.0,2682.0,290.0,1393.0,3652.0,1332.0,676.0,754.0,7698.0,5034.0,1209.0,1558.0,20236.0,635.0,135.0,242.0,6471.0,376.0,0.0,342.0,6262.0,5724.0,359.0,233.0,2286.0,116.0,1122.0,20607.0,8005.0,4621.0,26635.0,13642.0,737.0,1049.0,0.0,2806.0,9817.0,3819.0,1051.0,8246.0,18234.0,15504.0,29449.0,7236.0,2948.0,15583.0,855.0,87.0,9298.0,6150.0,1129.0,837.0,1798.0,8715.0,465.0,4522.0,12964.0,2089.0,382.0,1730.0,265.0,0.0,732.0,0.0,56.0,0.0,0.0,12.0,0.0,105560.0,29500.0,5133.0,53338.0,176913.0,75443.0,30001.0,324.0,3844.0,1036.0,29244.0,12561.0,12850.0,6103.0,17945.0,3591.0,29342.0,2189.0,1842.0,717.0,3428.0,7305.0,0.0,0.0,12511.0,31814.0,0.0,0.0,0.0,6958.0,0.0
1995,23814.0,306.0,12945.0,13203.0,8041.0,7064.0,59237.0,6288.0,53916.0,13745.0,234542.0,100411.0,72526.0,21796.0,31511.0,7021.0,61158.0,61339.0,209117.0,5453.0,69011.0,19428.0,0.0,1678.0,39241.0,15074.0,3.0,9883.0,20091.0,31558.0,1091.0,95007.0,58134.0,48668.0,120831.0,9149.0,38509.0,7454.0,14290.0,77048.0,321420.0,462541.0,31028.0,0.0,3626.0,0.0,2498196.0,5864.0,623.0,1053.0,181.0,356.0,3601.0,31.0,201.0,5782.0,983.0,2734.0,329.0,2076.0,3.0,32.0,271.0,5817.0,744.0,379.0,202.0,2683.0,1594.0,1526.0,7201.0,1886.0,846.0,1025.0,1381.0,87.0,0.0,0.0,0.0,777.0,5345.0,2254.0,442.0,17.0,430.0,58.0,183.0,3522.0,12.0,164.0,611.0,1272.0,51.0,5.0,739.0,28087.0,12579.0,8308.0,6634.0,0.0,3629.0,109.0,2501.0,2652.0,1026.0,27365.0,4469.0,3119.0,7171.0,347.0,0.0,5143.0,0.0,600.0,0.0,5702.0,4.0,1738.0,5515.0,6439.0,49.0,18437.0,458.0,9919.0,16038.0,1219.0,351.0,201.0,409.0,21443.0,13559.0,90086.0,52986.0,1882.0,2130.0,5424.0,5309.0,2833.0,848.0,597.0,1597.0,341.0,7726.0,14918.0,3578.0,24751.0,421.0,384.0,723.0,1851.0,27.0,5714.0,1374.0,20289.0,527.0,211.0,314.0,626.0,557.0,557.0,800.0,100.0,164.0,0.0,0.0,0.0,0.0,636.0,0.0,178.0,0.0,0.0,0.0,0.0,0.0,0.0,2460.0,2036.0,2058.0,24002.0,2913.0,4352.0,6753.0,2043.0,6466.0,157.0,1933.0,760.0,3697.0,9816.0,0.0,1124.0,0.0,4416.0,5072.0,0.0,755.0,866.0,1859.0,0.0,14.0,0.0,10989.0,0.0,279.0,956.0,0.0,0.0,0.0,687.0,319.0,3240.0,155.0,1313.0,6055.0,879.0,17085.0,2643.0,141.0,0.0,1075.0,53.0,5011.0,61.0,333.0,488.0,512.0,39719.0,1728.0,17193.0,2006.0,46513.0,337.0,9128.0,2212.0,1499.0,1650.0,209117.0,5135.0,196.0,122.0,47199.0,4948.0,784.0,1726.0,2803.0,1135.0,4501.0,34.0,154.0,514.0,190.0,175.0,2310.0,0.0,456.0,2082.0,16178.0,1212.0,1587.0,451.0,0.0,0.0,0.0,0.0,0.0,1678.0,0.0,0.0,0.0,0.0,0.0,8636.0,136.0,338.0,325.0,27.0,659.0,123.0,48.0,146.0,107.0,0.0,0.0,0.0,769.0,0.0,0.0,0.0,0.0,0.0,0.0,0.0,0.0,0.0,0.0,0.0,0.0,0.0,27927.0,2596.0,3370.0,8694.0,0.0,414.0,3.0,0.0,5491.0,3489.0,903.0,2608.0,584.0,2213.0,379.0,12283.0,1065.0,959.0,1461.0,406.0,841.0,14644.0,5079.0,926.0,7222.0,233.0,746.0,0.0,197.0,193.0,510.0,191.0,76397.0,2259.0,13063.0,3288.0,52872.0,4319.0,0.0,943.0,3630.0,10130.0,1354.0,31041.0,2513.0,10416.0,7199.0,197.0,2916.0,51.0,21251.0,5335.0,7711.0,36079.0,25695.0,1044.0,0.0,0.0,2937.0,282.0,1420.0,3977.0,1654.0,941.0,875.0,9247.0,5010.0,1131.0,1272.0,21199.0,650.0,186.0,230.0,6322.0,431.0,0.0,285.0,6796.0,7223.0,154.0,117.0,1949.0,127.0,1133.0,19375.0,8178.0,4674.0,25729.0,13778.0,793.0,1312.0,0.0,2968.0,10716.0,3941.0,707.0,8374.0,19216.0,16774.0,30473.0,7900.0,2275.0,16076.0,1175.0,91.0,9775.0,6108.0,1214.0,958.0,1854.0,9100.0,545.0,5147.0,14379.0,2148.0,288.0,1926.0,772.0,0.0,860.0,0.0,73.0,0.0,0.0,26.0,0.0,109055.0,30887.0,5619.0,48588.0,174671.0,71055.0,30472.0,310.0,3419.0,1037.0,28405.0,11228.0,13274.0,6193.0,18731.0,3726.0,26495.0,1693.0,1884.0,673.0,3253.0,6474.0,0.0,0.0,10960.0,31028.0,0.0,0.0,0.0,3626.0,0.0
1996,23401.0,464.0,13380.0,12854.0,8318.0,6629.0,55941.0,6129.0,54929.0,16154.0,239348.0,98892.0,73033.0,21878.0,29106.0,5189.0,62057.0,60107.0,213066.0,5544.0,75568.0,18411.0,0.0,699.0,39966.0,16080.0,4.0,9485.0,19519.0,32362.0,1182.0,95809.0,59278.0,50653.0,120309.0,10855.0,34136.0,9045.0,12827.0,79654.0,346232.0,457527.0,30147.0,0.0,5323.0,0.0,2531490.0,5657.0,974.0,1194.0,182.0,409.0,3864.0,21.0,26.0,4643.0,998.0,2935.0,313.0,2185.0,7.0,29.0,428.0,6798.0,941.0,399.0,194.0,2831.0,1661.0,556.0,7164.0,1900.0,743.0,975.0,1269.0,80.0,0.0,0.0,0.0,723.0,5344.0,2496.0,478.0,32.0,458.0,110.0,198.0,3045.0,44.0,186.0,683.0,1229.0,107.0,4.0,533.0,28138.0,11912.0,5945.0,5999.0,0.0,3947.0,146.0,2306.0,2620.0,1057.0,26936.0,4935.0,4160.0,7228.0,423.0,0.0,4981.0,0.0,1139.0,0.0,5127.0,4.0,1841.0,5589.0,8670.0,50.0,19387.0,529.0,10719.0,17256.0,1731.0,347.0,121.0,349.0,22253.0,13786.0,90513.0,53134.0,2193.0,1454.0,5576.0,4907.0,2674.0,925.0,551.0,1692.0,304.0,8307.0,15405.0,3694.0,23182.0,366.0,371.0,759.0,2007.0,35.0,5758.0,1298.0,19324.0,466.0,194.0,367.0,616.0,309.0,436.0,937.0,107.0,166.0,0.0,0.0,0.0,0.0,861.0,0.0,234.0,0.0,0.0,0.0,0.0,0.0,0.0,2640.0,2053.0,2124.0,22696.0,3448.0,4417.0,6489.0,1995.0,6011.0,144.0,1988.0,752.0,4738.0,11142.0,0.0,1336.0,0.0,3700.0,4869.0,0.0,791.0,772.0,1793.0,0.0,14.0,0.0,11227.0,0.0,300.0,991.0,0.0,0.0,0.0,775.0,346.0,3121.0,126.0,1129.0,4596.0,877.0,16978.0,2088.0,191.0,0.0,1254.0,47.0,3119.0,30.0,381.0,358.0,326.0,40259.0,1924.0,17445.0,2103.0,45501.0,297.0,8775.0,2504.0,1698.0,1332.0,213066.0,5244.0,221.0,79.0,51467.0,5459.0,934.0,2003.0,3120.0,1233.0,4712.0,40.0,182.0,639.0,240.0,221.0,2528.0,0.0,547.0,2243.0,15426.0,1168.0,1430.0,387.0,0.0,0.0,0.0,0.0,0.0,699.0,0.0,0.0,0.0,0.0,0.0,8733.0,149.0,302.0,277.0,23.0,646.0,103.0,57.0,151.0,130.0,0.0,0.0,0.0,847.0,0.0,0.0,0.0,0.0,0.0,0.0,0.0,0.0,0.0,0.0,0.0,0.0,0.0,28548.0,2517.0,3451.0,9670.0,0.0,442.0,4.0,0.0,5664.0,3451.0,370.0,2575.0,551.0,1887.0,337.0,12218.0,1055.0,896.0,1548.0,393.0,833.0,15537.0,5129.0,884.0,6997.0,269.0,772.0,0.0,245.0,152.0,555.0,230.0,77420.0,2252.0,12735.0,3402.0,53141.0,5195.0,0.0,942.0,3725.0,10403.0,1408.0,32254.0,2863.0,10680.0,7793.0,183.0,3101.0,54.0,20454.0,5153.0,7981.0,33811.0,26996.0,1092.0,0.0,0.0,3011.0,421.0,1536.0,6130.0,1315.0,760.0,693.0,6493.0,5078.0,1347.0,507.0,20039.0,672.0,140.0,274.0,7887.0,411.0,0.0,333.0,5779.0,5828.0,918.0,302.0,1999.0,143.0,1191.0,20303.0,8151.0,4724.0,25714.0,14732.0,1173.0,1524.0,0.0,3379.0,11297.0,3777.0,699.0,10736.0,22092.0,26441.0,32011.0,7871.0,2403.0,15908.0,1318.0,91.0,9976.0,6810.0,1473.0,967.0,1895.0,9675.0,650.0,5536.0,15170.0,2109.0,272.0,1999.0,841.0,0.0,662.0,0.0,77.0,0.0,122.0,27.0,0.0,110497.0,33295.0,6156.0,47014.0,175058.0,69760.0,31294.0,275.0,3058.0,999.0,28419.0,10050.0,13538.0,6364.0,20156.0,3198.0,25564.0,1378.0,2863.0,561.0,3352.0,5554.0,0.0,0.0,9072.0,30147.0,0.0,0.0,0.0,5323.0,0.0
1997,24873.0,396.0,13996.0,12539.0,8286.0,6202.0,55788.0,5859.0,57677.0,16971.0,242826.0,96014.0,71194.0,21536.0,30731.0,6183.0,61083.0,58827.0,220680.0,5438.0,78935.0,17970.0,0.0,696.0,40736.0,17543.0,4.0,9820.0,19332.0,31894.0,1125.0,97789.0,61545.0,51785.0,119584.0,8581.0,33968.0,9803.0,12942.0,80392.0,349742.0,462533.0,29523.0,0.0,23724.0,0.0,2577065.0,5775.0,1058.0,1213.0,187.0,481.0,4657.0,33.0,37.0,4789.0,1116.0,2981.0,334.0,2212.0,5.0,26.0,365.0,7274.0,1056.0,396.0,208.0,2907.0,1591.0,564.0,6726.0,1881.0,771.0,1047.0,1259.0,84.0,0.0,0.0,0.0,771.0,5321.0,2569.0,396.0,22.0,394.0,53.0,219.0,2988.0,28.0,186.0,642.0,992.0,101.0,7.0,570.0,28867.0,11471.0,5976.0,5940.0,0.0,3534.0,165.0,2231.0,2508.0,955.0,27558.0,5204.0,3686.0,7751.0,433.0,0.0,5195.0,0.0,2015.0,0.0,5835.0,16.0,1550.0,6319.0,8843.0,243.0,19545.0,544.0,11107.0,17468.0,1547.0,279.0,116.0,449.0,23271.0,13946.0,91560.0,52704.0,2284.0,1616.0,6390.0,5005.0,2177.0,901.0,536.0,1645.0,294.0,8511.0,15230.0,3939.0,21786.0,344.0,393.0,670.0,2050.0,23.0,6147.0,1329.0,18341.0,424.0,227.0,313.0,462.0,273.0,419.0,1008.0,95.0,133.0,0.0,0.0,0.0,0.0,740.0,0.0,243.0,0.0,0.0,0.0,0.0,0.0,0.0,2356.0,1984.0,1964.0,22947.0,3418.0,4277.0,5959.0,1819.0,5888.0,144.0,2042.0,702.0,4664.0,11070.0,0.0,1204.0,0.0,3112.0,4889.0,0.0,750.0,722.0,1686.0,0.0,16.0,0.0,11170.0,0.0,263.0,955.0,0.0,0.0,0.0,819.0,266.0,3072.0,125.0,1323.0,5293.0,793.0,17851.0,2119.0,155.0,0.0,1866.0,116.0,3301.0,77.0,382.0,441.0,393.0,40475.0,1994.0,16182.0,2039.0,44746.0,321.0,8263.0,2569.0,1476.0,1452.0,220680.0,5061.0,271.0,106.0,53407.0,5967.0,855.0,2288.0,3421.0,1327.0,4674.0,39.0,166.0,657.0,231.0,259.0,2801.0,0.0,609.0,2234.0,15152.0,1065.0,1365.0,388.0,0.0,0.0,0.0,0.0,0.0,696.0,0.0,0.0,0.0,0.0,0.0,9186.0,233.0,272.0,252.0,37.0,750.0,148.0,65.0,145.0,152.0,0.0,0.0,0.0,983.0,0.0,0.0,0.0,0.0,0.0,0.0,0.0,0.0,0.0,0.0,0.0,0.0,0.0,28513.0,2705.0,3494.0,10915.0,0.0,429.0,4.0,0.0,5546.0,3782.0,492.0,2700.0,445.0,1885.0,283.0,12049.0,1029.0,941.0,1491.0,338.0,795.0,15698.0,5173.0,832.0,6453.0,329.0,785.0,0.0,212.0,132.0,562.0,219.0,78071.0,2448.0,13754.0,3516.0,54913.0,5861.0,0.0,771.0,3865.0,10296.0,1515.0,33400.0,2709.0,11008.0,8274.0,206.0,3198.0,38.0,20305.0,5123.0,7650.0,31972.0,27614.0,1063.0,0.0,0.0,3133.0,482.0,1656.0,3485.0,1552.0,790.0,616.0,6083.0,4367.0,1730.0,550.0,20537.0,701.0,191.0,442.0,8417.0,520.0,0.0,233.0,5854.0,6019.0,786.0,283.0,1885.0,133.0,1262.0,20534.0,8591.0,4595.0,25710.0,15405.0,1080.0,1197.0,0.0,3654.0,12284.0,3893.0,565.0,10932.0,22727.0,27435.0,32184.0,8145.0,2501.0,16115.0,1433.0,101.0,9913.0,8488.0,1314.0,904.0,2011.0,9437.0,614.0,5571.0,16321.0,2188.0,301.0,1561.0,964.0,0.0,684.0,0.0,83.0,0.0,982.0,21.0,0.0,107710.0,32851.0,5855.0,45792.0,179732.0,67898.0,30742.0,255.0,3023.0,1158.0,28746.0,10119.0,14157.0,6364.0,21791.0,3340.0,25008.0,1362.0,4280.0,547.0,3347.0,5187.0,0.0,0.0,9685.0,29523.0,0.0,0.0,0.0,23724.0,0.0
1998,25095.0,460.0,14360.0,12512.0,8575.0,5676.0,58621.0,5964.0,65905.0,17221.0,247861.0,94845.0,72476.0,22091.0,32033.0,5794.0,58814.0,59477.0,223384.0,5305.0,80519.0,17388.0,0.0,25.0,40805.0,18786.0,6.0,10377.0,19406.0,31545.0,1090.0,97219.0,63214.0,51781.0,119566.0,8412.0,32518.0,10811.0,14344.0,83878.0,342488.0,468109.0,30072.0,0.0,7598.0,0.0,2586426.0,6237.0,1186.0,1164.0,230.0,548.0,3976.0,22.0,23.0,4950.0,1157.0,3039.0,279.0,2284.0,4.0,35.0,421.0,7506.0,1132.0,427.0,178.0,2924.0,1586.0,607.0,7051.0,1918.0,723.0,666.0,1239.0,73.0,0.0,0.0,0.0,842.0,5222.0,2866.0,487.0,47.0,387.0,132.0,180.0,2527.0,45.0,141.0,633.0,843.0,140.0,11.0,590.0,30102.0,12238.0,6148.0,6284.0,0.0,3849.0,375.0,2505.0,2426.0,658.0,30546.0,6769.0,3697.0,8582.0,494.0,0.0,5483.0,0.0,2846.0,0.0,7488.0,3.0,1707.0,5926.0,8794.0,791.0,21919.0,532.0,11580.0,18372.0,1766.0,241.0,117.0,482.0,23403.0,13839.0,92382.0,53595.0,2637.0,1528.0,5468.0,4860.0,2046.0,962.0,635.0,1783.0,250.0,8264.0,14642.0,4650.0,21846.0,257.0,317.0,667.0,1872.0,20.0,6132.0,1381.0,17774.0,366.0,219.0,298.0,428.0,282.0,409.0,1088.0,91.0,168.0,0.0,0.0,0.0,0.0,814.0,0.0,242.0,0.0,0.0,0.0,0.0,0.0,0.0,2082.0,1944.0,1794.0,22696.0,3106.0,4469.0,6078.0,1876.0,5628.0,156.0,2084.0,687.0,5374.0,11745.0,0.0,1484.0,0.0,3355.0,4771.0,0.0,803.0,608.0,1617.0,0.0,15.0,0.0,11733.0,0.0,223.0,1081.0,0.0,0.0,0.0,913.0,327.0,2995.0,111.0,1587.0,5256.0,800.0,18998.0,2114.0,172.0,0.0,1695.0,68.0,3187.0,62.0,360.0,422.0,408.0,39702.0,2068.0,14514.0,2122.0,44537.0,387.0,8796.0,2792.0,1585.0,1380.0,223384.0,4968.0,222.0,115.0,53294.0,6008.0,905.0,2433.0,3794.0,1538.0,4904.0,31.0,150.0,658.0,235.0,258.0,2887.0,0.0,661.0,2763.0,14512.0,1120.0,1377.0,379.0,0.0,0.0,0.0,0.0,0.0,25.0,0.0,0.0,0.0,0.0,0.0,8875.0,202.0,232.0,281.0,23.0,695.0,143.0,52.0,174.0,220.0,0.0,0.0,0.0,866.0,0.0,0.0,0.0,0.0,0.0,0.0,0.0,0.0,0.0,0.0,0.0,0.0,0.0,29042.0,2765.0,3519.0,12193.0,0.0,309.0,6.0,0.0,5931.0,4007.0,439.0,2680.0,533.0,1857.0,296.0,11931.0,1128.0,981.0,1407.0,388.0,729.0,15659.0,4982.0,827.0,6456.0,260.0,837.0,0.0,235.0,64.0,543.0,248.0,77484.0,2560.0,13555.0,3620.0,56947.0,5506.0,0.0,761.0,4017.0,9816.0,1610.0,33836.0,2502.0,10880.0,8495.0,195.0,3235.0,47.0,20781.0,5170.0,7559.0,31095.0,27844.0,1100.0,0.0,0.0,3165.0,382.0,1748.0,3447.0,1505.0,653.0,677.0,6287.0,4508.0,1784.0,540.0,18870.0,529.0,221.0,319.0,9488.0,504.0,0.0,279.0,6816.0,5993.0,1450.0,85.0,1935.0,145.0,1357.0,22202.0,8903.0,5041.0,26153.0,15890.0,1030.0,1222.0,0.0,3735.0,12763.0,4274.0,631.0,10979.0,22097.0,28259.0,33399.0,7411.0,2376.0,16008.0,1484.0,77.0,10180.0,8479.0,1445.0,729.0,2110.0,9642.0,594.0,6070.0,17570.0,2193.0,221.0,1182.0,1126.0,0.0,554.0,0.0,156.0,0.0,837.0,13.0,0.0,100935.0,29168.0,5791.0,47662.0,184243.0,64144.0,30200.0,314.0,3177.0,1188.0,29714.0,10462.0,13521.0,6531.0,24515.0,3970.0,26883.0,1299.0,2509.0,554.0,3538.0,5007.0,0.0,0.0,8678.0,30072.0,0.0,0.0,0.0,7598.0,0.0
1999,25648.0,446.0,14501.0,13143.0,8718.0,5264.0,60607.0,5708.0,77385.0,17839.0,257799.0,92238.0,74265.0,22504.0,33417.0,5772.0,56718.0,60234.0,222750.0,5200.0,79698.0,17409.0,0.0,47.0,40652.0,19963.0,4.0,10427.0,19573.0,30020.0,1134.0,97066.0,62125.0,51482.0,120160.0,8841.0,33069.0,11591.0,13228.0,88543.0,339941.0,481034.0,28774.0,0.0,13240.0,0.0,2628177.0,6274.0,1374.0,1338.0,309.0,452.0,3851.0,19.0,91.0,5090.0,1129.0,3081.0,294.0,2346.0,10.0,35.0,401.0,7722.0,1218.0,376.0,239.0,2870.0,1510.0,566.0,7228.0,1837.0,787.0,1087.0,1284.0,85.0,0.0,0.0,0.0,835.0,5077.0,3160.0,481.0,82.0,202.0,81.0,190.0,2573.0,52.0,135.0,225.0,1005.0,137.0,5.0,577.0,31677.0,12178.0,6276.0,6514.0,0.0,3962.0,395.0,2083.0,2109.0,1121.0,32312.0,8085.0,4234.0,10078.0,988.0,0.0,6746.0,0.0,4376.0,0.0,10566.0,0.0,1853.0,5621.0,10030.0,335.0,24396.0,791.0,11559.0,20402.0,2112.0,246.0,91.0,480.0,23198.0,13587.0,96311.0,53448.0,3081.0,1599.0,6498.0,4744.0,1926.0,956.0,636.0,1703.0,259.0,7861.0,13762.0,5347.0,21252.0,304.0,311.0,623.0,1606.0,22.0,5964.0,1292.0,17120.0,366.0,227.0,312.0,360.0,250.0,369.0,1132.0,286.0,148.0,0.0,0.0,0.0,0.0,788.0,0.0,180.0,0.0,0.0,0.0,0.0,0.0,0.0,2132.0,1926.0,1732.0,22486.0,2965.0,4015.0,6371.0,1638.0,5665.0,66.0,2065.0,593.0,7871.0,12230.0,0.0,1405.0,0.0,3237.0,4858.0,0.0,821.0,558.0,1667.0,0.0,20.0,0.0,12051.0,0.0,228.0,1069.0,0.0,0.0,0.0,898.0,334.0,2957.0,98.0,1717.0,5542.0,678.0,19968.0,2265.0,192.0,0.0,1762.0,102.0,2833.0,56.0,471.0,548.0,305.0,38653.0,2088.0,13483.0,2189.0,44707.0,370.0,9084.0,2883.0,1739.0,1451.0,222750.0,4825.0,236.0,139.0,52301.0,6113.0,866.0,2496.0,3713.0,1487.0,4639.0,67.0,161.0,653.0,191.0,333.0,2972.0,0.0,791.0,2915.0,14506.0,1254.0,1309.0,340.0,0.0,0.0,0.0,0.0,0.0,47.0,0.0,0.0,0.0,0.0,0.0,8550.0,229.0,274.0,360.0,28.0,642.0,155.0,51.0,157.0,235.0,0.0,0.0,0.0,925.0,0.0,0.0,0.0,0.0,0.0,0.0,0.0,0.0,0.0,0.0,0.0,0.0,0.0,29046.0,2803.0,3534.0,13325.0,0.0,301.0,4.0,0.0,5820.0,4113.0,494.0,2928.0,545.0,1711.0,221.0,12041.0,1270.0,857.0,1436.0,383.0,705.0,15040.0,4639.0,789.0,6075.0,232.0,721.0,0.0,261.0,74.0,580.0,219.0,76773.0,2614.0,13882.0,3797.0,55025.0,6393.0,0.0,707.0,3970.0,9397.0,1732.0,33862.0,2521.0,11342.0,8602.0,224.0,3282.0,73.0,21087.0,5163.0,7635.0,30184.0,28202.0,1095.0,0.0,0.0,3271.0,430.0,1834.0,3882.0,1361.0,635.0,699.0,6928.0,4341.0,1636.0,617.0,18716.0,831.0,193.0,257.0,10323.0,504.0,0.0,314.0,6142.0,5235.0,1718.0,133.0,2173.0,183.0,1420.0,23560.0,9050.0,5451.0,28175.0,16276.0,908.0,1347.0,0.0,3639.0,12940.0,4376.0,509.0,12787.0,22871.0,29791.0,34216.0,6557.0,2781.0,16184.0,1597.0,117.0,10615.0,9162.0,1421.0,726.0,2135.0,9120.0,578.0,6235.0,18493.0,2230.0,262.0,823.0,1016.0,0.0,612.0,0.0,148.0,0.0,1314.0,47.0,0.0,92727.0,27965.0,5947.0,48130.0,188604.0,63745.0,29393.0,351.0,3304.0,1195.0,30943.0,10340.0,15137.0,7653.0,29031.0,4385.0,27739.0,1264.0,2506.0,556.0,3748.0,4576.0,0.0,0.0,8434.0,28774.0,0.0,0.0,0.0,13240.0,0.0
2000,25791.0,434.0,13974.0,13415.0,8960.0,5158.0,64998.0,6543.0,98471.0,19737.0,264708.0,92084.0,76488.0,21975.0,33280.0,5987.0,56147.0,60086.0,229689.0,5137.0,77426.0,16509.0,0.0,112.0,44578.0,21363.0,79.0,10473.0,21974.0,29181.0,1651.0,97921.0,59000.0,51735.0,122440.0,10010.0,36964.0,10519.0,14205.0,92965.0,331851.0,505505.0,29304.0,0.0,8982.0,0.0,2697809.0,6271.0,1102.0,1293.0,253.0,488.0,4279.0,22.0,71.0,5049.0,1131.0,3086.0,281.0,2465.0,5.0,33.0,396.0,7261.0,1222.0,368.0,222.0,2871.0,1428.0,602.0,7406.0,1848.0,755.0,1116.0,1305.0,76.0,0.0,0.0,0.0,909.0,5214.0,3189.0,557.0,117.0,109.0,33.0,279.0,2672.0,39.0,144.0,83.0,803.0,106.0,10.0,763.0,34774.0,12375.0,6360.0,7292.0,0.0,4197.0,521.0,2357.0,2338.0,1327.0,41012.0,9056.0,4600.0,12952.0,1554.0,0.0,7990.0,0.0,6941.0,0.0,14366.0,0.0,1815.0,6209.0,10981.0,732.0,24179.0,1484.0,12973.0,21788.0,2209.0,225.0,105.0,691.0,22809.0,13184.0,98356.0,53746.0,3050.0,1359.0,8550.0,4501.0,2038.0,1003.0,641.0,1975.0,221.0,7625.0,12393.0,6130.0,21757.0,271.0,329.0,676.0,1450.0,33.0,5947.0,1404.0,17174.0,333.0,199.0,273.0,348.0,214.0,467.0,1099.0,256.0,167.0,0.0,0.0,0.0,0.0,891.0,0.0,208.0,0.0,0.0,0.0,0.0,0.0,0.0,2061.0,1942.0,1701.0,22764.0,2981.0,3299.0,6692.0,1628.0,5568.0,117.0,2092.0,630.0,9420.0,12661.0,0.0,1362.0,0.0,3631.0,4407.0,0.0,766.0,508.0,1510.0,0.0,15.0,0.0,12144.0,0.0,231.0,1091.0,0.0,0.0,0.0,932.0,371.0,3317.0,48.0,1714.0,5205.0,696.0,19705.0,2345.0,250.0,0.0,2098.0,47.0,2921.0,25.0,690.0,206.0,249.0,38148.0,2136.0,12759.0,2855.0,44426.0,339.0,9286.0,3047.0,1489.0,1499.0,229689.0,4752.0,250.0,135.0,50453.0,5797.0,800.0,2763.0,3884.0,1395.0,4404.0,71.0,169.0,570.0,194.0,350.0,2752.0,0.0,1030.0,2794.0,13587.0,1188.0,1397.0,337.0,0.0,0.0,0.0,0.0,0.0,112.0,0.0,0.0,0.0,0.0,0.0,9862.0,273.0,415.0,376.0,60.0,567.0,159.0,65.0,203.0,374.0,0.0,0.0,0.0,945.0,0.0,0.0,0.0,0.0,0.0,0.0,0.0,0.0,0.0,0.0,0.0,0.0,0.0,31279.0,2951.0,3428.0,14686.0,0.0,298.0,79.0,0.0,5796.0,4093.0,584.0,3235.0,675.0,1971.0,322.0,13629.0,1179.0,963.0,1164.0,366.0,740.0,14611.0,4556.0,787.0,6046.0,239.0,672.0,0.0,228.0,72.0,831.0,520.0,76807.0,2906.0,14451.0,3757.0,53206.0,5183.0,0.0,611.0,3939.0,10221.0,1586.0,33532.0,2457.0,12117.0,8411.0,190.0,3584.0,48.0,21788.0,5156.0,7546.0,30326.0,28694.0,1024.0,0.0,0.0,3556.0,473.0,1977.0,4604.0,1359.0,816.0,781.0,7524.0,5079.0,2119.0,385.0,20931.0,926.0,253.0,240.0,9136.0,465.0,0.0,425.0,6677.0,6867.0,560.0,101.0,2406.0,167.0,1562.0,25984.0,9734.0,6359.0,27538.0,16783.0,1000.0,1432.0,0.0,3811.0,12935.0,4478.0,664.0,11583.0,22160.0,28553.0,32443.0,6642.0,2306.0,15835.0,1550.0,103.0,10370.0,8487.0,1432.0,614.0,2236.0,9738.0,569.0,6649.0,18693.0,2251.0,275.0,804.0,1202.0,0.0,564.0,0.0,202.0,0.0,1713.0,24.0,0.0,88570.0,28073.0,6322.0,48966.0,201823.0,60965.0,28280.0,389.0,3353.0,1530.0,32492.0,10331.0,17386.0,7756.0,36990.0,4838.0,29088.0,1287.0,2249.0,516.0,4856.0,4266.0,0.0,0.0,8144.0,29304.0,0.0,0.0,0.0,8982.0,0.0
2001,26512.0,491.0,13465.0,13558.0,8932.0,6054.0,67713.0,7235.0,113646.0,20358.0,269225.0,92295.0,74423.0,22225.0,34112.0,6299.0,56186.0,59917.0,240847.0,5279.0,74613.0,16163.0,0.0,207.0,41920.0,22003.0,47.0,10741.0,20244.0,28734.0,1747.0,98708.0,65732.0,50210.0,123509.0,11794.0,38684.0,11150.0,17887.0,97532.0,334839.0,520867.0,28818.0,0.0,2690.0,0.0,2757611.0,6614.0,1076.0,1320.0,259.0,615.0,4414.0,24.0,77.0,5201.0,1340.0,2943.0,227.0,2402.0,5.0,28.0,458.0,7131.0,1061.0,357.0,152.0,2801.0,1438.0,525.0,7516.0,1743.0,792.0,1181.0,1284.0,77.0,0.0,0.0,0.0,965.0,5076.0,3251.0,605.0,112.0,126.0,69.0,253.0,2931.0,63.0,161.0,751.0,645.0,141.0,7.0,795.0,35935.0,12784.0,6559.0,7930.0,0.0,4505.0,574.0,2352.0,2549.0,1760.0,48797.0,7413.0,5302.0,16009.0,1768.0,0.0,8825.0,0.0,9339.0,0.0,16193.0,0.0,1697.0,6784.0,11076.0,801.0,27113.0,2467.0,12629.0,22538.0,2399.0,236.0,93.0,804.0,21697.0,13021.0,98764.0,53033.0,2823.0,1268.0,10340.0,4482.0,2318.0,844.0,643.0,2082.0,186.0,7419.0,11815.0,7028.0,21847.0,304.0,309.0,583.0,1269.0,20.0,5990.0,1358.0,17347.0,297.0,219.0,330.0,332.0,259.0,529.0,1062.0,262.0,214.0,0.0,0.0,0.0,0.0,696.0,0.0,172.0,0.0,0.0,0.0,0.0,0.0,0.0,2079.0,2052.0,1741.0,22494.0,2982.0,3126.0,6216.0,1430.0,5369.0,98.0,2255.0,749.0,8752.0,12007.0,0.0,1637.0,0.0,3515.0,4474.0,0.0,780.0,500.0,1560.0,0.0,26.0,0.0,12193.0,0.0,229.0,1125.0,0.0,0.0,0.0,972.0,366.0,3256.0,54.0,1721.0,4992.0,740.0,20884.0,2225.0,240.0,0.0,2281.0,89.0,3104.0,30.0,744.0,51.0,260.0,38495.0,2835.0,12128.0,2468.0,43868.0,397.0,9456.0,3202.0,1452.0,1542.0,240847.0,4767.0,356.0,156.0,47915.0,5716.0,742.0,2848.0,3612.0,1349.0,4103.0,67.0,206.0,580.0,258.0,404.0,2887.0,0.0,1113.0,2813.0,13099.0,1252.0,1394.0,418.0,0.0,0.0,0.0,0.0,0.0,207.0,0.0,0.0,0.0,0.0,0.0,9003.0,329.0,214.0,372.0,51.0,609.0,145.0,71.0,200.0,411.0,0.0,0.0,0.0,1012.0,0.0,0.0,0.0,0.0,0.0,0.0,0.0,0.0,0.0,0.0,0.0,0.0,0.0,29503.0,3065.0,3415.0,15265.0,0.0,258.0,47.0,0.0,5844.0,4341.0,556.0,3520.0,653.0,1511.0,209.0,12047.0,1309.0,995.0,1077.0,439.0,669.0,14043.0,4563.0,761.0,6209.0,262.0,711.0,0.0,268.0,103.0,824.0,552.0,75878.0,2921.0,15986.0,3923.0,59466.0,5415.0,0.0,851.0,4008.0,9901.0,1629.0,32186.0,2486.0,12264.0,8361.0,219.0,3554.0,61.0,22757.0,5270.0,7826.0,30445.0,28164.0,1031.0,0.0,0.0,3557.0,536.0,2503.0,5184.0,1824.0,921.0,826.0,7181.0,4939.0,2897.0,744.0,22221.0,702.0,240.0,269.0,9800.0,557.0,0.0,284.0,7667.0,9003.0,1022.0,195.0,2255.0,154.0,1632.0,27738.0,10026.0,7314.0,28286.0,17525.0,1041.0,1561.0,0.0,3800.0,12328.0,4599.0,670.0,11508.0,21323.0,27882.0,35651.0,6447.0,2254.0,15942.0,1514.0,81.0,10633.0,8052.0,1369.0,560.0,2450.0,9542.0,528.0,6488.0,18445.0,2248.0,269.0,1219.0,2041.0,0.0,444.0,0.0,278.0,0.0,2324.0,34.0,0.0,86585.0,30444.0,6887.0,50162.0,210658.0,58739.0,29490.0,377.0,3430.0,1792.0,32742.0,10078.0,17569.0,7731.0,40365.0,5796.0,30125.0,1528.0,2252.0,506.0,4944.0,4330.0,0.0,0.0,8253.0,28818.0,0.0,0.0,0.0,2690.0,0.0
2002,26487.0,517.0,14139.0,14237.0,9216.0,11007.0,72740.0,7094.0,126030.0,22177.0,280219.0,92900.0,73060.0,22478.0,35953.0,7261.0,57093.0,62217.0,253521.0,5623.0,74130.0,17051.0,0.0,65.0,46519.0,23293.0,39.0,11536.0,20967.0,28534.0,1535.0,101600.0,64141.0,50513.0,128218.0,12353.0,37233.0,10988.0,18848.0,106679.0,338442.0,542798.0,29839.0,0.0,736.0,0.0,2860026.0,6753.0,1074.0,1479.0,298.0,603.0,4338.0,28.0,86.0,4994.0,1142.0,3092.0,214.0,2386.0,7.0,49.0,461.0,7305.0,1868.0,396.0,135.0,2562.0,1371.0,502.0,7748.0,1853.0,938.0,1201.0,1372.0,135.0,0.0,0.0,0.0,990.0,5172.0,3413.0,631.0,159.0,203.0,71.0,192.0,3006.0,49.0,155.0,5525.0,565.0,155.0,11.0,916.0,39120.0,13509.0,6836.0,8692.0,0.0,4583.0,570.0,2498.0,2429.0,1597.0,50753.0,8171.0,4671.0,19583.0,2086.0,0.0,10935.0,0.0,11649.0,0.0,18182.0,4.0,1675.0,7236.0,11861.0,1401.0,28354.0,3241.0,13909.0,24698.0,2612.0,183.0,89.0,876.0,21695.0,13618.0,101043.0,53735.0,3193.0,1328.0,11645.0,4503.0,2626.0,882.0,580.0,2377.0,200.0,7190.0,11854.0,7539.0,21296.0,338.0,328.0,716.0,1207.0,24.0,6021.0,1234.0,17471.0,271.0,170.0,274.0,335.0,198.0,544.0,1212.0,266.0,212.0,0.0,0.0,0.0,0.0,618.0,0.0,154.0,0.0,0.0,0.0,0.0,0.0,0.0,2260.0,2198.0,1643.0,20887.0,2719.0,3076.0,6425.0,1331.0,5637.0,109.0,2153.0,650.0,9396.0,11371.0,0.0,1829.0,0.0,3636.0,4415.0,0.0,855.0,449.0,1459.0,0.0,18.0,0.0,12357.0,0.0,187.0,1263.0,0.0,0.0,0.0,1096.0,379.0,3442.0,47.0,1691.0,4485.0,879.0,22595.0,2555.0,259.0,0.0,2930.0,58.0,3091.0,35.0,1084.0,63.0,298.0,39601.0,2830.0,11827.0,2537.0,44667.0,475.0,10525.0,3541.0,1391.0,1618.0,253521.0,5079.0,272.0,272.0,47517.0,5536.0,674.0,2655.0,3452.0,1555.0,4066.0,64.0,166.0,560.0,230.0,425.0,2923.0,0.0,1297.0,3010.0,13835.0,1254.0,1519.0,443.0,0.0,0.0,0.0,0.0,0.0,65.0,0.0,0.0,0.0,0.0,0.0,9404.0,373.0,210.0,476.0,102.0,572.0,174.0,53.0,207.0,481.0,0.0,0.0,0.0,929.0,0.0,0.0,0.0,0.0,0.0,0.0,0.0,0.0,0.0,0.0,0.0,0.0,0.0,33538.0,2864.0,3229.0,16612.0,0.0,588.0,39.0,0.0,6436.0,4485.0,615.0,3709.0,627.0,1545.0,240.0,12572.0,1294.0,980.0,1202.0,462.0,738.0,13506.0,4601.0,717.0,6312.0,235.0,761.0,0.0,239.0,67.0,716.0,513.0,78976.0,3027.0,15435.0,4162.0,57594.0,5837.0,0.0,710.0,3966.0,10165.0,1824.0,31952.0,2606.0,12889.0,8660.0,252.0,3701.0,45.0,24461.0,5215.0,8010.0,32009.0,28224.0,952.0,0.0,0.0,3800.0,596.0,2750.0,5404.0,1759.0,1003.0,841.0,7287.0,5006.0,2779.0,861.0,20644.0,656.0,270.0,190.0,9670.0,610.0,0.0,248.0,6437.0,9609.0,2518.0,284.0,2418.0,151.0,1749.0,31602.0,10681.0,8156.0,30035.0,18976.0,1091.0,1820.0,0.0,3284.0,11848.0,4589.0,637.0,11564.0,21651.0,25992.0,36455.0,6382.0,2254.0,15761.0,1515.0,152.0,11205.0,7541.0,1319.0,555.0,2416.0,9711.0,474.0,6504.0,17532.0,2289.0,277.0,1240.0,2324.0,0.0,481.0,0.0,247.0,0.0,3361.0,12.0,0.0,86909.0,34648.0,7313.0,53275.0,219225.0,58560.0,27284.0,407.0,3771.0,2659.0,34772.0,10030.0,18331.0,7803.0,45348.0,6137.0,33077.0,1532.0,2438.0,613.0,5234.0,4478.0,0.0,0.0,7824.0,29839.0,0.0,0.0,0.0,736.0,0.0
2003,26802.0,0.0,14110.0,14787.0,9025.0,0.0,78217.0,7804.0,152335.0,28068.0,294504.0,100085.0,73836.0,23146.0,43493.0,0.0,59023.0,63880.0,265097.0,5870.0,76821.0,18105.0,0.0,138.0,47414.0,25928.0,0.0,13161.0,21554.0,28726.0,1757.0,104533.0,72127.0,52010.0,137525.0,14299.0,44701.0,12140.0,21991.0,113709.0,370633.0,565138.0,31634.0,0.0,0.0,0.0,3034126.0,6742.0,1221.0,1497.0,202.0,649.0,4487.0,23.0,222.0,4679.0,1008.0,3002.0,209.0,2861.0,0.0,0.0,0.0,7539.0,1801.0,353.0,0.0,2616.0,1408.0,393.0,8095.0,2223.0,999.0,1224.0,1381.0,0.0,4.0,23.0,0.0,838.0,5312.0,3202.0,511.0,0.0,0.0,0.0,0.0,0.0,0.0,0.0,0.0,0.0,0.0,0.0,0.0,41846.0,14392.0,8013.0,9307.0,0.0,4659.0,126.0,2872.0,3442.0,1364.0,51992.0,13860.0,5730.0,19756.0,3983.0,1957.0,16882.0,2880.0,15522.0,3316.0,16457.0,0.0,1695.0,8331.0,17786.0,256.0,33115.0,2734.0,14872.0,27530.0,3890.0,271.0,153.0,1011.0,22333.0,13365.0,108939.0,52887.0,2949.0,1609.0,8846.0,4590.0,2905.0,915.0,707.0,2791.0,136.0,6856.0,12376.0,9987.0,23069.0,319.0,343.0,716.0,1136.0,0.0,0.0,1430.0,18454.0,308.0,168.0,326.0,349.0,219.0,526.0,1446.0,234.0,152.0,156.0,28.0,5960.0,476.0,626.0,0.0,168.0,0.0,0.0,0.0,0.0,0.0,0.0,2213.0,2076.0,1723.0,19485.0,2917.0,3762.0,6983.0,1570.0,5614.0,113.0,2317.0,626.0,9744.0,11443.0,0.0,1841.0,0.0,3622.0,4660.0,3.0,976.0,421.0,1515.0,1.0,22.0,0.0,12733.0,0.0,189.0,1305.0,8.0,0.0,0.0,1046.0,267.0,4264.0,172.0,1623.0,3260.0,1271.0,29738.0,2781.0,384.0,0.0,0.0,0.0,0.0,0.0,0.0,0.0,388.0,39590.0,3194.0,13235.0,2616.0,46072.0,599.0,10586.0,3861.0,1340.0,1422.0,265097.0,5382.0,270.0,218.0,48726.0,6333.0,637.0,2733.0,3433.0,0.0,3289.0,847.0,1248.0,662.0,425.0,589.0,3271.0,0.0,1698.0,2930.0,14552.0,1574.0,1715.0,264.0,0.0,0.0,0.0,0.0,0.0,138.0,0.0,0.0,0.0,0.0,0.0,9162.0,510.0,205.0,461.0,136.0,621.0,217.0,59.0,229.0,496.0,50.0,441.0,249.0,959.0,1042.0,0.0,123.0,52.0,348.0,0.0,0.0,0.0,0.0,0.0,0.0,0.0,0.0,32054.0,3156.0,3092.0,19357.0,0.0,323.0,0.0,0.0,6937.0,5442.0,782.0,3676.0,696.0,1409.0,267.0,12728.0,1728.0,1050.0,905.0,503.0,811.0,13611.0,5256.0,0.0,6702.0,267.0,671.0,0.0,336.0,110.0,723.0,588.0,82441.0,2894.0,16337.0,2861.0,63256.0,7994.0,0.0,877.0,4481.0,10377.0,2268.0,31246.0,3638.0,13154.0,8975.0,287.0,4378.0,39.0,26829.0,5393.0,9005.0,35947.0,29230.0,1009.0,0.0,0.0,3279.0,652.0,3044.0,6549.0,1866.0,1378.0,810.0,8240.0,6232.0,2910.0,1305.0,24879.0,1135.0,0.0,163.0,11116.0,642.0,1.0,218.0,7477.0,9501.0,4894.0,119.0,2529.0,202.0,1852.0,34395.0,11212.0,8727.0,32054.0,19886.0,1449.0,1403.0,0.0,2720.0,11685.0,4567.0,761.0,12729.0,25637.0,32867.0,41670.0,7472.0,2236.0,15397.0,0.0,148.0,12534.0,7292.0,1324.0,531.0,2529.0,9638.0,438.0,6789.0,15397.0,2354.0,309.0,1560.0,82.0,0.0,2408.0,38.0,2294.0,6.0,5836.0,57.0,7.0,92086.0,42328.0,6907.0,48027.0,239683.0,63496.0,28089.0,570.0,4012.0,2415.0,36791.0,10365.0,19025.0,8603.0,34241.0,6747.0,35872.0,2234.0,1272.0,674.0,7947.0,7065.0,382.0,0.0,7628.0,31634.0,0.0,0.0,0.0,0.0,0.0
2004,26487.0,0.0,13998.0,15372.0,9798.0,0.0,81643.0,7672.0,146853.0,30820.0,317405.0,106496.0,70111.0,24104.0,43803.0,0.0,62787.0,64737.0,277584.0,6683.0,78861.0,19587.0,0.0,379.0,48959.0,26987.0,0.0,13894.0,21976.0,29871.0,1729.0,109041.0,78457.0,55532.0,144496.0,16659.0,47065.0,11681.0,19280.0,122214.0,418041.0,595976.0,33774.0,0.0,0.0,0.0,3200812.0,6457.0,870.0,1554.0,190.0,925.0,4848.0,31.0,334.0,4710.0,1057.0,2670.0,306.0,2535.0,0.0,0.0,0.0,7883.0,1687.0,405.0,0.0,2429.0,1375.0,219.0,8646.0,2431.0,794.0,1082.0,1392.0,0.0,44.0,288.0,0.0,695.0,5661.0,3519.0,618.0,0.0,0.0,0.0,0.0,0.0,0.0,0.0,0.0,0.0,0.0,0.0,0.0,44095.0,14970.0,8519.0,10262.0,45.0,3752.0,284.0,2913.0,3689.0,786.0,55983.0,10996.0,4435.0,14015.0,5305.0,2124.0,19084.0,4913.0,13836.0,5174.0,10988.0,0.0,1883.0,8948.0,19064.0,925.0,36741.0,3739.0,15021.0,30542.0,4590.0,255.0,158.0,1233.0,23535.0,14617.0,117300.0,55097.0,3255.0,1794.0,9528.0,5082.0,3386.0,976.0,690.0,3321.0,125.0,6951.0,12598.0,10502.0,25743.0,339.0,410.0,699.0,1158.0,0.0,0.0,1449.0,19549.0,179.0,161.0,310.0,424.0,230.0,565.0,1444.0,212.0,208.0,294.0,31.0,5871.0,747.0,732.0,37.0,165.0,0.0,0.0,0.0,0.0,0.0,0.0,1908.0,1872.0,1618.0,18519.0,3075.0,4229.0,6892.0,1287.0,5401.0,71.0,2249.0,784.0,7723.0,11543.0,11.0,1864.0,0.0,2973.0,4992.0,2.0,969.0,460.0,1442.0,2.0,17.0,0.0,13218.0,19.0,167.0,1389.0,4.0,2.0,0.0,1218.0,203.0,4554.0,160.0,1624.0,3437.0,922.0,29765.0,3107.0,234.0,0.0,0.0,0.0,0.0,0.0,0.0,0.0,422.0,40749.0,3778.0,15434.0,2404.0,47104.0,613.0,9967.0,4505.0,1214.0,1334.0,277584.0,6106.0,386.0,191.0,49889.0,6340.0,644.0,3046.0,3512.0,0.0,3075.0,946.0,1602.0,694.0,572.0,876.0,3449.0,0.0,1741.0,2475.0,15555.0,1771.0,1993.0,268.0,0.0,0.0,0.0,0.0,0.0,379.0,0.0,0.0,0.0,0.0,0.0,9233.0,568.0,175.0,442.0,119.0,584.0,269.0,65.0,252.0,538.0,54.0,1190.0,591.0,977.0,1657.0,14.0,165.0,151.0,480.0,0.0,0.0,0.0,0.0,0.0,0.0,0.0,0.0,31435.0,3117.0,3213.0,20321.0,0.0,336.0,0.0,0.0,7497.0,5691.0,706.0,3612.0,632.0,1482.0,268.0,12929.0,1921.0,1132.0,1239.0,547.0,836.0,13829.0,5255.0,0.0,7178.0,425.0,562.0,0.0,347.0,78.0,759.0,545.0,86122.0,2732.0,17656.0,2531.0,68464.0,8950.0,0.0,1043.0,4388.0,11123.0,2613.0,32263.0,5145.0,13625.0,9214.0,247.0,4867.0,29.0,28176.0,5767.0,9608.0,38504.0,30195.0,1239.0,0.0,0.0,3025.0,794.0,3151.0,7758.0,2348.0,1417.0,1191.0,6496.0,7135.0,3031.0,1209.0,28617.0,577.0,0.0,199.0,10653.0,654.0,0.0,175.0,7685.0,10836.0,635.0,124.0,2885.0,197.0,2045.0,37325.0,11633.0,9430.0,33830.0,21462.0,1906.0,1501.0,0.0,2730.0,11866.0,4464.0,994.0,13591.0,31107.0,43386.0,48075.0,8006.0,2428.0,15803.0,0.0,116.0,11939.0,5474.0,1321.0,613.0,2722.0,10158.0,382.0,8058.0,15046.0,2228.0,385.0,2008.0,206.0,0.0,2164.0,103.0,2156.0,29.0,8078.0,124.0,23.0,106511.0,48373.0,7374.0,51142.0,259439.0,68694.0,28018.0,565.0,4347.0,3450.0,37571.0,10624.0,21106.0,9103.0,30266.0,6595.0,38518.0,3191.0,1365.0,828.0,5880.0,7505.0,910.0,0.0,6859.0,33774.0,0.0,0.0,0.0,0.0,0.0
2005,26689.0,0.0,13802.0,16162.0,10324.0,0.0,84131.0,8174.0,130325.0,33247.0,323164.0,108126.0,66797.0,25446.0,46522.0,0.0,66711.0,65956.0,291372.0,6872.0,83306.0,21015.0,0.0,585.0,49465.0,28438.0,0.0,14469.0,23992.0,31166.0,1957.0,113774.0,84881.0,58498.0,150533.0,17205.0,50904.0,12118.0,19882.0,124685.0,466970.0,605362.0,35597.0,0.0,0.0,0.0,3318622.0,6388.0,883.0,1647.0,168.0,1121.0,4700.0,23.0,369.0,4836.0,1037.0,2610.0,333.0,2574.0,0.0,0.0,0.0,7672.0,1787.0,437.0,0.0,2290.0,1366.0,250.0,8787.0,2670.0,891.0,1211.0,1514.0,0.0,65.0,376.0,0.0,648.0,5879.0,3784.0,661.0,0.0,0.0,0.0,0.0,0.0,0.0,0.0,0.0,0.0,0.0,0.0,0.0,45534.0,15603.0,8848.0,10450.0,80.0,3616.0,384.0,2884.0,4177.0,729.0,44280.0,7617.0,3535.0,12240.0,4237.0,2539.0,17745.0,6707.0,16409.0,7226.0,7790.0,0.0,1964.0,9573.0,20674.0,1036.0,34223.0,1860.0,17116.0,32492.0,5157.0,250.0,121.0,1576.0,23907.0,14671.0,122499.0,54765.0,3480.0,1936.0,9111.0,5316.0,3531.0,946.0,749.0,3813.0,82.0,6482.0,13129.0,10220.0,25438.0,275.0,454.0,732.0,1275.0,0.0,0.0,1457.0,20456.0,199.0,152.0,338.0,506.0,273.0,620.0,1536.0,202.0,200.0,263.0,20.0,5739.0,646.0,697.0,44.0,139.0,0.0,0.0,0.0,0.0,0.0,0.0,2197.0,2010.0,1789.0,12361.0,2841.0,4575.0,6572.0,1353.0,4909.0,104.0,2420.0,855.0,6522.0,11591.0,20.0,2013.0,0.0,6862.0,5214.0,9.0,1152.0,482.0,1571.0,0.0,13.0,1.0,13634.0,1.0,229.0,1365.0,9.0,2.0,0.0,1510.0,254.0,4920.0,205.0,1518.0,4938.0,1254.0,30266.0,3199.0,222.0,0.0,0.0,0.0,0.0,0.0,0.0,0.0,401.0,43988.0,3596.0,16096.0,2630.0,48204.0,642.0,9621.0,4734.0,1258.0,1497.0,291372.0,6354.0,330.0,188.0,52517.0,6781.0,623.0,3444.0,3466.0,0.0,2823.0,959.0,1845.0,778.0,735.0,917.0,3735.0,0.0,2125.0,2558.0,16706.0,1951.0,2093.0,265.0,0.0,0.0,0.0,0.0,0.0,585.0,0.0,0.0,0.0,0.0,0.0,9665.0,580.0,353.0,370.0,133.0,632.0,269.0,96.0,247.0,510.0,47.0,1246.0,722.0,1098.0,2127.0,12.0,202.0,180.0,433.0,0.0,0.0,0.0,0.0,0.0,0.0,0.0,0.0,30543.0,2964.0,3213.0,21961.0,0.0,300.0,0.0,0.0,7956.0,5820.0,693.0,3984.0,665.0,1769.0,314.0,14046.0,1970.0,1244.0,1325.0,622.0,994.0,14364.0,5288.0,0.0,7505.0,499.0,569.0,0.0,498.0,89.0,701.0,669.0,89530.0,2990.0,18531.0,2723.0,73781.0,10179.0,0.0,921.0,4298.0,12096.0,2832.0,33008.0,6264.0,13410.0,9271.0,249.0,5682.0,26.0,28749.0,6030.0,10537.0,41203.0,31165.0,1308.0,0.0,0.0,2903.0,756.0,3479.0,8009.0,2192.0,1523.0,1246.0,5462.0,7453.0,3054.0,1430.0,33007.0,498.0,0.0,228.0,11130.0,645.0,2.0,113.0,8311.0,10893.0,602.0,76.0,2795.0,177.0,2048.0,36545.0,12182.0,10721.0,35056.0,21895.0,2157.0,1109.0,0.0,2560.0,12249.0,4563.0,1099.0,14892.0,37507.0,53539.0,51883.0,8890.0,2725.0,15908.0,0.0,217.0,12731.0,6389.0,1285.0,600.0,2762.0,10678.0,343.0,8864.0,14879.0,2354.0,415.0,2018.0,181.0,0.0,2319.0,115.0,2166.0,49.0,11333.0,103.0,23.0,119663.0,53926.0,7742.0,46997.0,272596.0,71535.0,26379.0,515.0,4503.0,4216.0,37161.0,11559.0,22313.0,9248.0,25215.0,7099.0,38690.0,3736.0,1423.0,806.0,6270.0,6974.0,1344.0,0.0,6783.0,35597.0,0.0,0.0,0.0,0.0,0.0
2006,26689.0,0.0,13841.0,16594.0,11062.0,0.0,86029.0,8466.0,114156.0,33674.0,336764.0,109272.0,62240.0,26814.0,48089.0,0.0,67415.0,67158.0,297894.0,7151.0,89172.0,21832.0,0.0,705.0,52002.0,31413.0,0.0,14886.0,23796.0,33417.0,2052.0,117242.0,92206.0,60236.0,154081.0,19289.0,54813.0,12174.0,20000.0,128090.0,503586.0,618896.0,37692.0,0.0,0.0,0.0,3420888.0,6484.0,913.0,1589.0,113.0,962.0,4811.0,26.0,329.0,4872.0,1270.0,2544.0,295.0,2481.0,0.0,0.0,0.0,7711.0,1884.0,350.0,0.0,2297.0,1366.0,233.0,8974.0,2812.0,971.0,1218.0,1594.0,0.0,44.0,416.0,0.0,565.0,6370.0,3866.0,826.0,0.0,0.0,0.0,0.0,0.0,0.0,0.0,0.0,0.0,0.0,0.0,0.0,45895.0,16160.0,8936.0,11189.0,100.0,3749.0,536.0,2963.0,4520.0,447.0,39142.0,5914.0,2665.0,11172.0,3055.0,2175.0,16136.0,6391.0,14869.0,6365.0,6272.0,0.0,1751.0,10127.0,21408.0,388.0,34916.0,2431.0,18892.0,34608.0,4710.0,260.0,153.0,1867.0,26750.0,14609.0,125789.0,57448.0,3626.0,1981.0,8724.0,5280.0,3904.0,961.0,757.0,4631.0,92.0,6425.0,13958.0,8628.0,24563.0,310.0,453.0,747.0,1176.0,0.0,0.0,1563.0,21690.0,234.0,183.0,356.0,656.0,197.0,652.0,2009.0,167.0,148.0,281.0,15.0,5315.0,602.0,709.0,32.0,132.0,0.0,0.0,0.0,0.0,0.0,0.0,2446.0,1897.0,1609.0,10757.0,2724.0,4019.0,6335.0,1329.0,5134.0,83.0,2576.0,832.0,5444.0,10864.0,27.0,1995.0,0.0,6615.0,5517.0,7.0,1275.0,464.0,1569.0,2.0,16.0,1.0,14381.0,2.0,291.0,1478.0,8.0,0.0,0.0,1599.0,204.0,5173.0,385.0,1409.0,5095.0,1654.0,31000.0,3204.0,169.0,0.0,0.0,0.0,0.0,0.0,0.0,0.0,460.0,44050.0,3775.0,16193.0,2937.0,49249.0,629.0,9310.0,5109.0,1176.0,1685.0,297894.0,6599.0,371.0,181.0,56548.0,7794.0,664.0,3424.0,3400.0,0.0,2784.0,842.0,2145.0,812.0,796.0,1043.0,3680.0,0.0,2315.0,2925.0,17492.0,2024.0,2098.0,218.0,0.0,0.0,0.0,0.0,0.0,705.0,0.0,0.0,0.0,0.0,0.0,10412.0,652.0,353.0,250.0,92.0,725.0,306.0,79.0,334.0,475.0,45.0,1282.0,913.0,1177.0,2395.0,8.0,231.0,252.0,399.0,0.0,0.0,0.0,0.0,0.0,0.0,0.0,0.0,31622.0,2991.0,3381.0,24769.0,0.0,272.0,0.0,0.0,8222.0,5935.0,729.0,3919.0,766.0,1652.0,276.0,13821.0,2181.0,1181.0,1394.0,636.0,966.0,15875.0,5432.0,0.0,7982.0,516.0,616.0,0.0,563.0,107.0,732.0,650.0,92342.0,2921.0,19794.0,2185.0,81031.0,9798.0,0.0,1377.0,4208.0,12299.0,2847.0,34086.0,6796.0,13945.0,9697.0,314.0,6384.0,40.0,28164.0,6045.0,11412.0,42636.0,31226.0,1387.0,0.0,0.0,2831.0,669.0,3386.0,9610.0,2150.0,1837.0,1637.0,6002.0,7460.0,2677.0,1776.0,36280.0,618.0,0.0,254.0,11288.0,499.0,3.0,130.0,8334.0,10730.0,603.0,333.0,2779.0,197.0,2012.0,36775.0,12660.0,11221.0,36043.0,23062.0,2271.0,1070.0,0.0,2564.0,13001.0,4465.0,1092.0,15698.0,42774.0,57931.0,55250.0,9782.0,2867.0,15969.0,0.0,247.0,12588.0,5905.0,1227.0,713.0,2718.0,11103.0,354.0,9926.0,16046.0,2370.0,427.0,2530.0,191.0,0.0,2654.0,144.0,2267.0,58.0,12629.0,116.0,32.0,132751.0,56509.0,8688.0,48362.0,284105.0,74754.0,25869.0,640.0,4706.0,3285.0,37403.0,12235.0,22810.0,9112.0,21270.0,7709.0,38883.0,4192.0,1389.0,968.0,5882.0,7177.0,1535.0,0.0,6610.0,37692.0,0.0,0.0,0.0,0.0,0.0
2007,26052.0,0.0,14155.0,16919.0,11031.0,0.0,86377.0,8971.0,102671.0,33476.0,336751.0,108441.0,62283.0,27582.0,47524.0,0.0,67477.0,67785.0,303263.0,7428.0,96340.0,22261.0,0.0,1230.0,55665.0,33661.0,0.0,14982.0,24834.0,34610.0,2319.0,121108.0,99828.0,62185.0,155998.0,20402.0,55089.0,13155.0,27104.0,134002.0,538848.0,638401.0,39051.0,0.0,0.0,0.0,3519259.0,6200.0,867.0,1338.0,76.0,869.0,4578.0,24.0,323.0,5284.0,1274.0,2396.0,290.0,2533.0,0.0,0.0,0.0,7879.0,2163.0,349.0,0.0,2158.0,1381.0,225.0,9336.0,2890.0,922.0,1174.0,1534.0,0.0,38.0,436.0,0.0,589.0,6383.0,3986.0,662.0,0.0,0.0,0.0,0.0,0.0,0.0,0.0,0.0,0.0,0.0,0.0,0.0,46209.0,16218.0,9121.0,11632.0,85.0,3112.0,390.0,3216.0,4820.0,545.0,35637.0,4830.0,2142.0,9633.0,2440.0,2095.0,14457.0,6787.0,12880.0,6598.0,5172.0,0.0,1658.0,10474.0,20991.0,353.0,34253.0,2379.0,19169.0,36683.0,4418.0,277.0,162.0,664.0,28217.0,14530.0,122211.0,58891.0,3788.0,2082.0,9027.0,4981.0,3987.0,957.0,811.0,4966.0,108.0,6404.0,14335.0,8024.0,23552.0,282.0,515.0,667.0,1136.0,0.0,0.0,1546.0,22309.0,239.0,193.0,366.0,692.0,208.0,716.0,2018.0,209.0,150.0,324.0,21.0,4861.0,572.0,693.0,52.0,173.0,0.0,0.0,0.0,0.0,0.0,0.0,2374.0,2067.0,1652.0,12720.0,2645.0,4083.0,6391.0,1414.0,5176.0,151.0,2907.0,927.0,5509.0,10819.0,24.0,2090.0,0.0,3708.0,5847.0,6.0,1342.0,493.0,1477.0,2.0,15.0,1.0,14653.0,9.0,346.0,1611.0,5.0,6.0,0.0,1564.0,205.0,5142.0,444.0,1312.0,5372.0,1355.0,30329.0,3419.0,151.0,0.0,0.0,0.0,0.0,0.0,0.0,0.0,387.0,44107.0,3846.0,15923.0,3214.0,49541.0,551.0,9227.0,5432.0,1185.0,1849.0,303263.0,6928.0,280.0,220.0,60616.0,8271.0,575.0,3964.0,3561.0,0.0,2907.0,980.0,2918.0,835.0,819.0,1205.0,3957.0,0.0,2700.0,3032.0,17849.0,1917.0,2235.0,260.0,0.0,0.0,0.0,0.0,0.0,1230.0,0.0,0.0,0.0,0.0,0.0,10962.0,732.0,381.0,232.0,123.0,686.0,337.0,82.0,266.0,455.0,44.0,1671.0,1038.0,1447.0,2611.0,9.0,203.0,219.0,379.0,0.0,0.0,0.0,0.0,0.0,0.0,0.0,0.0,33788.0,3096.0,3523.0,26818.0,0.0,224.0,0.0,0.0,8233.0,6015.0,734.0,4125.0,802.0,1557.0,301.0,14655.0,2281.0,1113.0,1555.0,626.0,1044.0,16324.0,5505.0,0.0,8329.0,602.0,625.0,0.0,665.0,84.0,766.0,804.0,94524.0,3024.0,21198.0,2362.0,87524.0,10959.0,0.0,1345.0,4144.0,12392.0,3126.0,35138.0,7385.0,14210.0,9784.0,312.0,6279.0,36.0,28277.0,6276.0,11674.0,43140.0,31779.0,1307.0,0.0,0.0,2924.0,789.0,3583.0,10176.0,2441.0,1878.0,1535.0,5527.0,7948.0,2955.0,1520.0,36477.0,662.0,0.0,202.0,12294.0,504.0,6.0,149.0,9182.0,11960.0,5892.0,70.0,2613.0,260.0,2198.0,36569.0,12774.0,11352.0,42244.0,22471.0,2390.0,1131.0,0.0,2526.0,13971.0,4668.0,1290.0,16543.0,47102.0,60660.0,57565.0,10770.0,2904.0,16185.0,0.0,284.0,14129.0,6422.0,1356.0,697.0,2992.0,12246.0,340.0,11098.0,16110.0,2443.0,423.0,2317.0,168.0,0.0,2881.0,162.0,2127.0,49.0,12180.0,148.0,49.0,145283.0,60503.0,10257.0,46964.0,298411.0,78900.0,23820.0,738.0,4633.0,3496.0,38291.0,13312.0,23313.0,9262.0,18621.0,7847.0,39586.0,3968.0,1331.0,865.0,8779.0,7925.0,1787.0,0.0,6552.0,39051.0,0.0,0.0,0.0,0.0,0.0
2008,26327.0,0.0,14851.0,17381.0,11434.0,0.0,88273.0,11370.0,101206.0,35056.0,332454.0,112780.0,64406.0,28471.0,48010.0,0.0,67097.0,68337.0,310335.0,7838.0,100774.0,22649.0,0.0,902.0,59180.0,36688.0,0.0,15456.0,25319.0,35553.0,2366.0,124177.0,102306.0,64563.0,160687.0,22141.0,54996.0,14961.0,26039.0,134903.0,574401.0,656785.0,39468.0,0.0,475.0,0.0,3620415.0,6268.0,857.0,1549.0,115.0,853.0,4568.0,35.0,311.0,5274.0,1359.0,2551.0,301.0,2286.0,0.0,0.0,0.0,8323.0,2127.0,374.0,0.0,2141.0,1490.0,396.0,9554.0,2881.0,862.0,1244.0,1553.0,0.0,51.0,688.0,0.0,548.0,6795.0,4045.0,594.0,0.0,0.0,0.0,0.0,0.0,0.0,0.0,0.0,0.0,0.0,0.0,0.0,47335.0,16351.0,9269.0,12466.0,135.0,2717.0,440.0,4962.0,5587.0,381.0,31082.0,4528.0,2333.0,10140.0,2020.0,1859.0,14435.0,7906.0,12718.0,9896.0,4289.0,0.0,1670.0,11039.0,22155.0,192.0,33861.0,2221.0,19325.0,38002.0,4173.0,334.0,215.0,709.0,27493.0,14434.0,119983.0,56954.0,3925.0,2069.0,8756.0,5534.0,4209.0,960.0,847.0,5313.0,114.0,6736.0,15145.0,7872.0,23590.0,289.0,528.0,721.0,1231.0,0.0,0.0,1656.0,23320.0,238.0,205.0,376.0,786.0,232.0,814.0,2343.0,203.0,164.0,396.0,18.0,4995.0,589.0,703.0,59.0,187.0,0.0,0.0,0.0,0.0,0.0,0.0,2407.0,1961.0,1758.0,12238.0,3008.0,4485.0,6785.0,1630.0,5190.0,223.0,3358.0,933.0,4747.0,11850.0,138.0,2181.0,0.0,3921.0,6113.0,9.0,1423.0,485.0,1534.0,5.0,8.0,4.0,15051.0,8.0,387.0,1630.0,6.0,3.0,0.0,1572.0,233.0,5163.0,480.0,1414.0,5755.0,1331.0,30306.0,3416.0,145.0,0.0,0.0,0.0,0.0,0.0,0.0,0.0,347.0,44364.0,4170.0,14788.0,3428.0,49678.0,582.0,9007.0,5870.0,1197.0,2003.0,310335.0,7192.0,346.0,300.0,63101.0,8876.0,567.0,4178.0,3709.0,0.0,2901.0,985.0,3162.0,896.0,931.0,1420.0,3908.0,0.0,3035.0,3105.0,17917.0,2027.0,2433.0,272.0,0.0,0.0,0.0,0.0,0.0,902.0,0.0,0.0,0.0,0.0,0.0,11194.0,838.0,236.0,189.0,98.0,789.0,387.0,101.0,359.0,441.0,39.0,2111.0,1300.0,1657.0,3371.0,12.0,210.0,244.0,400.0,0.0,0.0,0.0,0.0,0.0,0.0,0.0,0.0,35204.0,3178.0,3463.0,29824.0,0.0,223.0,0.0,0.0,8585.0,6204.0,667.0,4046.0,770.0,1463.0,320.0,15140.0,2365.0,1215.0,1572.0,686.0,1048.0,16964.0,5625.0,0.0,8422.0,610.0,626.0,0.0,587.0,158.0,875.0,746.0,97250.0,3027.0,21705.0,2195.0,90567.0,10726.0,0.0,1013.0,4212.0,12965.0,3258.0,36192.0,7936.0,14742.0,10438.0,345.0,6164.0,21.0,29943.0,6543.0,12730.0,43670.0,31669.0,1373.0,0.0,0.0,3049.0,763.0,3731.0,11379.0,2796.0,1745.0,1727.0,5299.0,7850.0,3024.0,1554.0,36643.0,626.0,0.0,214.0,14105.0,515.0,2.0,125.0,8028.0,12368.0,5563.0,80.0,2590.0,178.0,2152.0,37226.0,13413.0,12212.0,40947.0,22410.0,2660.0,1115.0,0.0,2639.0,14998.0,4911.0,1352.0,17304.0,50913.0,63345.0,60389.0,11139.0,2997.0,16273.0,0.0,354.0,14845.0,7649.0,1357.0,894.0,3232.0,13019.0,555.0,11907.0,17009.0,2504.0,449.0,2261.0,160.0,0.0,3213.0,167.0,2074.0,53.0,12024.0,132.0,36.0,159435.0,63256.0,11556.0,47484.0,312762.0,83276.0,21897.0,715.0,4855.0,3921.0,40025.0,14244.0,22946.0,8919.0,16467.0,7838.0,39265.0,3941.0,1562.0,1003.0,8412.0,8865.0,2074.0,0.0,6314.0,39468.0,0.0,0.0,0.0,475.0,0.0
2009,27185.0,0.0,15056.0,18072.0,11813.0,0.0,89773.0,12819.0,105473.0,37598.0,339870.0,116250.0,67854.0,29285.0,48797.0,0.0,67837.0,69285.0,326660.0,7808.0,104545.0,23436.0,0.0,787.0,60194.0,39161.0,0.0,15420.0,25571.0,36248.0,2434.0,129930.0,106759.0,65930.0,163503.0,22077.0,59878.0,18485.0,23154.0,135077.0,638411.0,688556.0,39926.0,0.0,0.0,0.0,3790917.0,6526.0,908.0,1635.0,111.0,731.0,4574.0,27.0,305.0,5462.0,1371.0,2627.0,298.0,2610.0,0.0,0.0,0.0,8968.0,1775.0,390.0,0.0,2235.0,1474.0,214.0,10132.0,3066.0,869.0,1030.0,1638.0,0.0,56.0,723.0,0.0,558.0,6940.0,4210.0,663.0,0.0,0.0,0.0,0.0,0.0,0.0,0.0,0.0,0.0,0.0,0.0,0.0,48336.0,16628.0,8614.0,13301.0,125.0,2769.0,500.0,5664.0,6264.0,391.0,34833.0,4633.0,2485.0,10295.0,1894.0,2190.0,14571.0,8885.0,13352.0,8459.0,3876.0,0.0,1582.0,12148.0,23684.0,184.0,34516.0,2053.0,20922.0,40919.0,4118.0,334.0,214.0,661.0,29233.0,15082.0,120662.0,57685.0,4185.0,2369.0,6917.0,6019.0,4383.0,1085.0,937.0,5826.0,84.0,6989.0,15736.0,8093.0,23247.0,263.0,501.0,841.0,1315.0,0.0,0.0,1705.0,23459.0,183.0,237.0,354.0,731.0,246.0,1001.0,2569.0,263.0,145.0,446.0,22.0,5486.0,635.0,860.0,53.0,219.0,0.0,0.0,0.0,0.0,0.0,0.0,2317.0,1880.0,1851.0,12411.0,3206.0,5139.0,7668.0,1776.0,4871.0,319.0,3390.0,1069.0,4385.0,12712.0,164.0,2695.0,0.0,4318.0,6146.0,9.0,1609.0,491.0,1490.0,5.0,13.0,1.0,15064.0,6.0,823.0,1641.0,5.0,7.0,4.0,1679.0,292.0,5060.0,386.0,1509.0,6120.0,1128.0,31109.0,3414.0,71.0,0.0,0.0,0.0,0.0,0.0,0.0,0.0,380.0,44638.0,4423.0,14925.0,3471.0,50418.0,663.0,9425.0,6094.0,947.0,1738.0,326660.0,7228.0,349.0,231.0,65381.0,9196.0,594.0,4413.0,3670.0,0.0,2791.0,891.0,3818.0,937.0,1055.0,1678.0,4222.0,0.0,3238.0,2661.0,18252.0,2333.0,2613.0,238.0,0.0,0.0,0.0,0.0,0.0,787.0,0.0,0.0,0.0,0.0,0.0,11982.0,938.0,290.0,202.0,76.0,850.0,374.0,124.0,367.0,542.0,45.0,2227.0,1426.0,1862.0,4167.0,10.0,282.0,214.0,451.0,0.0,0.0,0.0,0.0,0.0,0.0,0.0,0.0,33765.0,3114.0,3498.0,32315.0,0.0,234.0,0.0,0.0,8929.0,5886.0,605.0,4401.0,745.0,1457.0,338.0,14980.0,2324.0,1326.0,1688.0,629.0,1069.0,17335.0,5937.0,0.0,8315.0,620.0,655.0,0.0,475.0,192.0,951.0,816.0,101560.0,3342.0,23013.0,2015.0,95046.0,10557.0,0.0,1156.0,3858.0,13268.0,3460.0,36900.0,8444.0,16366.0,10850.0,311.0,6189.0,27.0,31067.0,6707.0,13061.0,42651.0,31719.0,1347.0,0.0,0.0,3208.0,730.0,3961.0,11053.0,3152.0,1668.0,1513.0,6172.0,9556.0,3519.0,1684.0,38118.0,829.0,0.0,244.0,17497.0,613.0,18.0,113.0,7720.0,10706.0,4701.0,27.0,2425.0,213.0,2181.0,37054.0,13691.0,12988.0,39333.0,22967.0,2952.0,1273.0,0.0,2512.0,15483.0,5036.0,1309.0,19969.0,58021.0,81759.0,66407.0,12453.0,3356.0,16547.0,0.0,387.0,15529.0,8199.0,1395.0,880.0,3665.0,13519.0,431.0,13178.0,18556.0,2377.0,637.0,2632.0,204.0,0.0,3486.0,179.0,2309.0,49.0,12407.0,118.0,29.0,172277.0,70222.0,12894.0,48638.0,334638.0,89654.0,22197.0,965.0,4818.0,4603.0,43134.0,15525.0,23156.0,9674.0,15023.0,5717.0,39504.0,3241.0,1604.0,983.0,4868.0,8860.0,2593.0,0.0,9161.0,39926.0,0.0,0.0,0.0,0.0,0.0
2010,27389.0,0.0,16596.0,18726.0,11837.0,0.0,94128.0,12197.0,112286.0,43531.0,348593.0,121125.0,76017.0,29851.0,47748.0,0.0,70362.0,66939.0,352890.0,8292.0,109447.0,24619.0,0.0,753.0,65633.0,42169.0,0.0,15721.0,26040.0,37102.0,2937.0,135958.0,115746.0,69637.0,169843.0,24453.0,64921.0,25012.0,22292.0,139771.0,729774.0,715727.0,40738.0,0.0,0.0,0.0,4036800.0,6593.0,934.0,1816.0,120.0,690.0,4639.0,36.0,388.0,5515.0,1442.0,2310.0,300.0,2606.0,0.0,0.0,0.0,10577.0,1996.0,374.0,0.0,1994.0,1441.0,214.0,10414.0,3224.0,884.0,955.0,1672.0,0.0,85.0,707.0,97.0,688.0,7227.0,4610.0,0.0,0.0,0.0,0.0,0.0,0.0,0.0,0.0,0.0,0.0,0.0,0.0,0.0,52026.0,16673.0,8832.0,13822.0,158.0,2617.0,412.0,5430.0,5998.0,357.0,34001.0,5190.0,2144.0,11009.0,2023.0,2092.0,14882.0,10589.0,15948.0,11034.0,3374.0,0.0,1601.0,15470.0,26356.0,104.0,34003.0,1919.0,21396.0,42815.0,4176.0,391.0,236.0,735.0,30903.0,14795.0,121302.0,58972.0,5792.0,3632.0,7526.0,6600.0,4543.0,1178.0,956.0,5968.0,90.0,7754.0,16555.0,7890.0,23022.0,264.0,561.0,938.0,1419.0,0.0,0.0,2119.0,24770.0,134.0,234.0,398.0,836.0,298.0,1106.0,2323.0,291.0,226.0,529.0,39.0,5388.0,685.0,865.0,94.0,253.0,22.0,29.0,45.0,22.0,0.0,79.0,2602.0,2011.0,1847.0,13366.0,4256.0,6677.0,8467.0,2363.0,5589.0,528.0,3575.0,1052.0,4324.0,13563.0,206.0,3846.0,27.0,4320.0,6371.0,14.0,1905.0,544.0,1413.0,5.0,16.0,7.0,15002.0,17.0,860.0,1677.0,13.0,3.0,1.0,1671.0,332.0,4646.0,316.0,1351.0,6159.0,1188.0,30616.0,3400.0,72.0,0.0,0.0,0.0,0.0,0.0,0.0,0.0,331.0,44933.0,5168.0,16209.0,3721.0,50181.0,0.0,0.0,14174.0,803.0,1781.0,352890.0,7586.0,384.0,322.0,68893.0,9502.0,610.0,4350.0,3688.0,0.0,2768.0,1039.0,3932.0,902.0,1099.0,1854.0,4339.0,18.0,3688.0,2765.0,18777.0,2739.0,2814.0,289.0,0.0,0.0,0.0,0.0,0.0,0.0,600.0,27.0,80.0,46.0,1611.0,13880.0,1031.0,374.0,183.0,91.0,920.0,402.0,124.0,374.0,547.0,64.0,1262.0,1453.0,2167.0,4919.0,12.0,270.0,271.0,532.0,44.0,517.0,133.0,16.0,5.0,17.0,53.0,90.0,34271.0,3221.0,3463.0,35163.0,87.0,235.0,0.0,18.0,8997.0,6155.0,551.0,4020.0,816.0,1574.0,465.0,15529.0,2607.0,1029.0,1854.0,705.0,1037.0,17437.0,6311.0,0.0,8693.0,344.0,721.0,21.0,512.0,348.0,1173.0,883.0,108283.0,3354.0,22404.0,1917.0,101524.0,11685.0,918.0,1619.0,4050.0,14406.0,3741.0,37540.0,9900.0,19043.0,11293.0,310.0,6596.0,35.0,32511.0,7074.0,13942.0,43108.0,31505.0,1395.0,246.0,10.0,2775.0,832.0,3939.0,12620.0,3749.0,1693.0,1620.0,6860.0,11808.0,3881.0,798.0,40907.0,667.0,0.0,287.0,23862.0,683.0,7.0,173.0,8196.0,10331.0,3755.0,10.0,2929.0,199.0,2318.0,39299.0,14004.0,13220.0,39834.0,23646.0,2901.0,1421.0,581.0,2601.0,16252.0,5123.0,1389.0,24427.0,74305.0,112203.0,71311.0,13478.0,3800.0,16714.0,0.0,442.0,18914.0,0.0,1379.0,1071.0,3890.0,14480.0,491.0,15386.0,19405.0,2478.0,600.0,2820.0,363.0,0.0,3800.0,230.0,2455.0,28.0,12689.0,165.0,36.0,191184.0,82120.0,13164.0,54553.0,349861.0,98463.0,22345.0,892.0,5334.0,4828.0,43210.0,16060.0,23422.0,9600.0,14307.0,5374.0,39903.0,3000.0,1722.0,874.0,4497.0,8148.0,2819.0,50.0,6465.0,40738.0,0.0,0.0,0.0,0.0,0.0
2011,28872.0,0.0,19265.0,19030.0,12407.0,0.0,97508.0,12586.0,125596.0,50226.0,356914.0,129504.0,85283.0,30433.0,50093.0,0.0,74173.0,67530.0,384162.0,8624.0,114436.0,26657.0,0.0,1040.0,77920.0,46446.0,0.0,16033.0,26951.0,39744.0,3216.0,138888.0,130506.0,77315.0,177360.0,28654.0,78527.0,26669.0,22513.0,145939.0,797836.0,745295.0,40859.0,0.0,0.0,0.0,4315010.0,6689.0,990.0,2161.0,149.0,745.0,4661.0,48.0,469.0,5886.0,1497.0,2410.0,326.0,2841.0,0.0,0.0,0.0,12347.0,2408.0,387.0,0.0,2245.0,1619.0,259.0,10526.0,3354.0,906.0,854.0,1661.0,0.0,115.0,849.0,117.0,648.0,7331.0,5076.0,0.0,0.0,0.0,0.0,0.0,0.0,0.0,0.0,0.0,0.0,0.0,0.0,0.0,54603.0,16969.0,9222.0,14144.0,157.0,2413.0,509.0,5754.0,5972.0,351.0,37034.0,6028.0,2502.0,11641.0,2364.0,2263.0,16332.0,10374.0,17621.0,16155.0,3282.0,0.0,1881.0,17531.0,30698.0,116.0,38910.0,1683.0,22227.0,39929.0,4444.0,503.0,252.0,870.0,31386.0,15358.0,124646.0,58748.0,5005.0,5130.0,7823.0,7356.0,4893.0,1254.0,1003.0,6413.0,78.0,8598.0,18567.0,7862.0,23885.0,289.0,590.0,1039.0,1669.0,0.0,0.0,2092.0,26666.0,174.0,295.0,422.0,942.0,301.0,1463.0,2708.0,328.0,241.0,612.0,33.0,5759.0,630.0,947.0,97.0,302.0,17.0,37.0,60.0,40.0,2.0,107.0,1733.0,1874.0,1970.0,14556.0,5406.0,8866.0,9338.0,2742.0,6103.0,611.0,3559.0,1260.0,5744.0,13907.0,238.0,4036.0,51.0,5022.0,6799.0,7.0,1989.0,548.0,1446.0,6.0,9.0,16.0,14654.0,15.0,916.0,1635.0,11.0,11.0,1.0,1908.0,462.0,4633.0,330.0,1427.0,6459.0,1138.0,32651.0,3375.0,80.0,0.0,0.0,0.0,0.0,0.0,0.0,0.0,357.0,45105.0,5560.0,18005.0,5146.0,50574.0,0.0,0.0,14217.0,933.0,1806.0,384162.0,7928.0,431.0,265.0,72546.0,9753.0,606.0,4328.0,3754.0,0.0,2650.0,1022.0,4335.0,961.0,1199.0,2043.0,4471.0,50.0,4025.0,2693.0,20400.0,2794.0,3235.0,228.0,0.0,0.0,0.0,0.0,0.0,0.0,703.0,149.0,90.0,98.0,1664.0,16162.0,1165.0,415.0,161.0,128.0,1030.0,440.0,131.0,506.0,792.0,52.0,8302.0,1554.0,2414.0,5798.0,15.0,264.0,324.0,561.0,73.0,492.0,333.0,16.0,18.0,31.0,69.0,272.0,34738.0,3240.0,3541.0,39313.0,105.0,247.0,0.0,163.0,8983.0,6362.0,525.0,4122.0,910.0,1646.0,428.0,16015.0,2569.0,1261.0,2596.0,728.0,1033.0,18366.0,6906.0,0.0,8997.0,425.0,693.0,9.0,623.0,449.0,1134.0,1001.0,107401.0,3750.0,24381.0,3356.0,115076.0,11851.0,1682.0,1897.0,4249.0,15792.0,4238.0,40185.0,12851.0,20741.0,11821.0,340.0,6905.0,99.0,33768.0,7365.0,14969.0,44070.0,32484.0,1650.0,275.0,8.0,2865.0,746.0,4149.0,14981.0,5083.0,2009.0,1686.0,7716.0,14743.0,4153.0,709.0,50526.0,680.0,0.0,365.0,25316.0,779.0,36.0,173.0,8728.0,10239.0,3529.0,17.0,3206.0,242.0,2483.0,41540.0,14483.0,14140.0,41254.0,23976.0,3105.0,1510.0,1040.0,2694.0,16896.0,5138.0,1424.0,27098.0,88826.0,131246.0,74721.0,13673.0,4834.0,17140.0,0.0,431.0,16858.0,0.0,1361.0,1240.0,4141.0,15279.0,543.0,16788.0,20844.0,2564.0,539.0,3858.0,421.0,0.0,4119.0,232.0,2284.0,46.0,13172.0,147.0,56.0,205553.0,86461.0,16169.0,55942.0,366547.0,105782.0,25339.0,881.0,5913.0,5432.0,41553.0,17304.0,23141.0,9579.0,14438.0,5676.0,38533.0,2906.0,1902.0,869.0,4716.0,7722.0,3422.0,41.0,7657.0,40859.0,0.0,0.0,0.0,0.0,0.0
2012,29593.0,0.0,22080.0,19662.0,12632.0,0.0,99037.0,13741.0,135103.0,54144.0,349891.0,137073.0,85934.0,30808.0,52495.0,0.0,76928.0,68821.0,421578.0,8457.0,122328.0,28597.0,0.0,1146.0,85874.0,50924.0,0.0,16019.0,27792.0,42547.0,3722.0,149831.0,141219.0,85138.0,180945.0,25409.0,78566.0,25991.0,23257.0,153457.0,818470.0,753136.0,41356.0,0.0,0.0,0.0,4473701.0,6945.0,1074.0,2148.0,159.0,752.0,4272.0,65.0,584.0,6011.0,1750.0,2501.0,369.0,2963.0,0.0,0.0,0.0,14587.0,2765.0,502.0,0.0,2289.0,1668.0,269.0,10893.0,3435.0,1031.0,854.0,1784.0,0.0,120.0,1002.0,146.0,397.0,7405.0,5227.0,0.0,0.0,0.0,0.0,0.0,0.0,0.0,0.0,0.0,0.0,0.0,0.0,0.0,55522.0,16906.0,9404.0,14503.0,191.0,2511.0,385.0,6674.0,6349.0,333.0,38682.0,7403.0,2875.0,11471.0,2905.0,1603.0,18132.0,10052.0,19022.0,19781.0,3177.0,0.0,1872.0,17580.0,34590.0,102.0,35715.0,1389.0,21152.0,39028.0,4705.0,541.0,326.0,812.0,33076.0,15679.0,121205.0,58228.0,5654.0,4647.0,7734.0,7445.0,5239.0,1376.0,971.0,7256.0,86.0,9458.0,19261.0,8316.0,24626.0,304.0,598.0,1051.0,1927.0,0.0,0.0,2397.0,28162.0,182.0,328.0,458.0,1096.0,262.0,1594.0,3097.0,331.0,255.0,538.0,49.0,6098.0,627.0,1027.0,125.0,340.0,21.0,44.0,73.0,53.0,3.0,116.0,1883.0,1706.0,1896.0,15138.0,6005.0,9602.0,9555.0,2827.0,6046.0,717.0,3241.0,1155.0,5920.0,12399.0,309.0,4458.0,81.0,4879.0,7236.0,9.0,1877.0,567.0,1420.0,5.0,10.0,11.0,14503.0,15.0,819.0,1706.0,4.0,7.0,2.0,2116.0,501.0,4585.0,466.0,1537.0,6604.0,1004.0,35040.0,3144.0,115.0,0.0,0.0,0.0,0.0,0.0,0.0,0.0,412.0,47098.0,5608.0,19215.0,4595.0,51641.0,0.0,0.0,14609.0,881.0,1690.0,421578.0,7719.0,478.0,260.0,77300.0,10412.0,615.0,4447.0,3850.0,0.0,2805.0,1081.0,4812.0,978.0,1349.0,2378.0,4913.0,52.0,4704.0,2632.0,21588.0,3250.0,3529.0,230.0,0.0,0.0,0.0,0.0,0.0,0.0,871.0,59.0,69.0,147.0,2271.0,18507.0,1210.0,455.0,218.0,198.0,1131.0,451.0,118.0,593.0,722.0,41.0,10059.0,1790.0,2483.0,6556.0,14.0,261.0,313.0,643.0,144.0,490.0,433.0,20.0,35.0,80.0,93.0,534.0,36011.0,3440.0,3791.0,43242.0,143.0,308.0,0.0,89.0,9045.0,6401.0,484.0,4473.0,958.0,1675.0,439.0,16403.0,2630.0,1214.0,3098.0,704.0,1109.0,19293.0,7722.0,0.0,9558.0,448.0,615.0,60.0,679.0,423.0,1300.0,1260.0,116205.0,4153.0,25773.0,3700.0,124620.0,11909.0,2599.0,2091.0,4400.0,17269.0,4383.0,43113.0,15973.0,21180.0,13055.0,347.0,7555.0,113.0,33538.0,7901.0,14996.0,43831.0,33700.0,1667.0,355.0,21.0,2686.0,488.0,2992.0,13810.0,4854.0,1522.0,1743.0,7679.0,14484.0,4190.0,721.0,50645.0,847.0,0.0,294.0,24661.0,802.0,42.0,192.0,9957.0,9475.0,3821.0,4.0,3372.0,205.0,2556.0,43366.0,15863.0,16484.0,42064.0,25054.0,3189.0,1304.0,752.0,2496.0,17889.0,5198.0,1540.0,25854.0,93173.0,125771.0,75159.0,14639.0,6675.0,17146.0,0.0,459.0,19586.0,0.0,1409.0,1228.0,4336.0,16570.0,535.0,19034.0,21658.0,2616.0,565.0,3712.0,562.0,0.0,4367.0,301.0,2587.0,57.0,11048.0,243.0,78.0,223234.0,81958.0,16035.0,58488.0,366751.0,108833.0,26787.0,860.0,5719.0,5688.0,41153.0,18647.0,24733.0,9576.0,13786.0,5818.0,37624.0,2459.0,2002.0,902.0,4350.0,8156.0,3424.0,5.0,7375.0,41356.0,0.0,0.0,0.0,0.0,0.0
2013,30778.0,0.0,23748.0,19210.0,12323.0,0.0,101031.0,14201.0,141749.0,59384.0,331494.0,142830.0,82661.0,38686.0,53809.0,0.0,77466.0,67388.0,429105.0,7932.0,128779.0,31454.0,0.0,1166.0,88347.0,56011.0,0.0,16097.0,28427.0,44593.0,4238.0,158247.0,149717.0,89221.0,182616.0,22979.0,79252.0,28023.0,23225.0,154260.0,829146.0,745086.0,40484.0,0.0,0.0,0.0,4535163.0,7151.0,1153.0,2134.0,152.0,863.0,4270.0,73.0,569.0,6231.0,1933.0,2821.0,393.0,3035.0,0.0,0.0,0.0,16484.0,2534.0,408.0,0.0,2164.0,1880.0,278.0,10761.0,3270.0,966.0,682.0,1798.0,0.0,120.0,969.0,236.0,408.0,7219.0,5104.0,0.0,0.0,0.0,0.0,0.0,0.0,0.0,0.0,0.0,0.0,0.0,0.0,0.0,57165.0,16709.0,10239.0,14687.0,185.0,2046.0,547.0,7045.0,6335.0,274.0,42316.0,8018.0,2761.0,11972.0,2125.0,1265.0,19658.0,10821.0,17547.0,22586.0,2680.0,0.0,2005.0,17906.0,39378.0,95.0,33541.0,1188.0,20084.0,39068.0,4746.0,549.0,297.0,637.0,31963.0,14908.0,115039.0,54676.0,5251.0,3027.0,6520.0,7623.0,5071.0,1402.0,931.0,7765.0,104.0,10042.0,19934.0,8683.0,25115.0,268.0,618.0,1065.0,2262.0,0.0,0.0,2585.0,29733.0,164.0,345.0,480.0,1164.0,313.0,1623.0,3334.0,307.0,266.0,546.0,27.0,6222.0,616.0,1124.0,91.0,410.0,30.0,63.0,134.0,58.0,5.0,209.0,2098.0,1423.0,1585.0,14688.0,6207.0,8499.0,9659.0,3565.0,5711.0,815.0,2934.0,937.0,4417.0,11888.0,356.0,4633.0,67.0,5277.0,7363.0,15.0,1952.0,612.0,1298.0,3.0,8.0,10.0,14122.0,19.0,8900.0,1666.0,6.0,5.0,6.0,2236.0,465.0,4618.0,390.0,1485.0,6272.0,992.0,37038.0,2890.0,124.0,0.0,0.0,0.0,0.0,0.0,0.0,0.0,408.0,47470.0,6052.0,18830.0,4706.0,50632.0,0.0,0.0,14436.0,892.0,1428.0,429105.0,7294.0,434.0,204.0,80360.0,11082.0,589.0,4552.0,3946.0,0.0,2913.0,1067.0,5183.0,971.0,1456.0,2997.0,5522.0,51.0,5138.0,2952.0,23032.0,4013.0,4162.0,247.0,0.0,0.0,0.0,0.0,0.0,0.0,838.0,62.0,80.0,186.0,3069.0,20544.0,1269.0,503.0,243.0,168.0,1363.0,451.0,115.0,656.0,796.0,36.0,9209.0,1949.0,2737.0,6987.0,23.0,235.0,431.0,788.0,140.0,530.0,430.0,21.0,49.0,167.0,101.0,597.0,34740.0,3405.0,3800.0,48248.0,165.0,393.0,0.0,76.0,9133.0,6430.0,458.0,4385.0,1025.0,1464.0,441.0,16904.0,2832.0,1376.0,3345.0,714.0,1137.0,19744.0,8247.0,0.0,10268.0,497.0,641.0,59.0,764.0,502.0,1674.0,1239.0,122236.0,5286.0,27264.0,3461.0,131990.0,12334.0,3308.0,2085.0,3618.0,17781.0,4747.0,45758.0,17317.0,21436.0,13418.0,312.0,7929.0,53.0,33982.0,8152.0,15103.0,42579.0,34518.0,1663.0,412.0,17.0,3042.0,391.0,2708.0,12121.0,4542.0,1545.0,1672.0,7062.0,13937.0,4034.0,805.0,52645.0,769.0,0.0,199.0,27035.0,600.0,28.0,161.0,9216.0,9414.0,4590.0,5.0,3872.0,195.0,2607.0,43112.0,15422.0,16158.0,42650.0,25596.0,3471.0,1177.0,1472.0,2224.0,19119.0,5200.0,1419.0,25754.0,91020.0,112719.0,75328.0,14913.0,7866.0,17531.0,0.0,580.0,21120.0,0.0,1560.0,970.0,4691.0,17551.0,471.0,21088.0,22819.0,2610.0,615.0,3254.0,808.0,0.0,5001.0,339.0,2975.0,64.0,10278.0,243.0,52.0,238037.0,81503.0,17952.0,58304.0,361081.0,107223.0,25467.0,911.0,5341.0,6567.0,40681.0,19298.0,26033.0,9340.0,14349.0,6353.0,36711.0,2636.0,2021.0,903.0,4247.0,8015.0,3200.0,10.0,6395.0,40484.0,0.0,0.0,0.0,0.0,0.0
2014,31929.0,0.0,24129.0,18500.0,11926.0,0.0,105657.0,13936.0,151653.0,54262.0,316749.0,152253.0,83160.0,29509.0,54064.0,0.0,73685.0,64659.0,442255.0,6827.0,134944.0,32825.0,0.0,1362.0,90004.0,60918.0,0.0,15485.0,28787.0,46795.0,4579.0,163201.0,151170.0,92440.0,182434.0,23621.0,78562.0,33535.0,26815.0,153011.0,841386.0,745124.0,37434.0,0.0,0.0,0.0,4579585.0,7380.0,1306.0,2635.0,138.0,870.0,3876.0,85.0,602.0,6433.0,2097.0,2830.0,457.0,3220.0,0.0,0.0,0.0,16958.0,2274.0,465.0,0.0,2194.0,1905.0,333.0,10531.0,3218.0,813.0,624.0,1662.0,0.0,131.0,938.0,251.0,332.0,6816.0,5110.0,0.0,0.0,0.0,0.0,0.0,0.0,0.0,0.0,0.0,0.0,0.0,0.0,0.0,60008.0,16762.0,10922.0,15490.0,198.0,2277.0,540.0,6766.0,6324.0,306.0,47774.0,8154.0,2763.0,13010.0,2195.0,1424.0,22371.0,10790.0,14056.0,26758.0,2358.0,0.0,1933.0,17687.0,34549.0,93.0,31287.0,1422.0,19353.0,39176.0,5441.0,577.0,387.0,666.0,31595.0,14275.0,108279.0,50322.0,5348.0,2529.0,6092.0,8104.0,5216.0,1425.0,850.0,8377.0,97.0,10795.0,19878.0,9582.0,26720.0,283.0,698.0,1134.0,2412.0,0.0,0.0,2724.0,32481.0,163.0,376.0,526.0,1147.0,317.0,1980.0,3473.0,327.0,281.0,499.0,27.0,7052.0,682.0,1185.0,78.0,443.0,30.0,73.0,169.0,62.0,3.0,251.0,2333.0,1357.0,1465.0,13854.0,6615.0,8989.0,10898.0,3760.0,5726.0,885.0,2728.0,872.0,4616.0,11032.0,355.0,4466.0,88.0,5454.0,7340.0,13.0,1847.0,557.0,1257.0,3.0,8.0,15.0,13394.0,25.0,929.0,1424.0,4.0,8.0,1.0,2302.0,382.0,4357.0,388.0,1419.0,6584.0,818.0,37250.0,3022.0,226.0,0.0,0.0,0.0,0.0,0.0,0.0,0.0,452.0,44394.0,7122.0,17270.0,4447.0,48145.0,0.0,0.0,14379.0,782.0,1353.0,442255.0,6231.0,436.0,160.0,84293.0,11647.0,642.0,4779.0,4009.0,0.0,3000.0,1084.0,5511.0,1119.0,1520.0,3067.0,5720.0,74.0,5604.0,2875.0,23717.0,4232.0,4601.0,275.0,0.0,0.0,0.0,0.0,0.0,0.0,900.0,220.0,65.0,177.0,3760.0,22643.0,1198.0,518.0,309.0,198.0,1283.0,427.0,103.0,700.0,828.0,194.0,8476.0,2273.0,2834.0,7056.0,25.0,217.0,463.0,1014.0,188.0,741.0,568.0,16.0,85.0,194.0,139.0,794.0,32760.0,3773.0,4566.0,52071.0,203.0,305.0,0.0,124.0,8723.0,6253.0,385.0,4300.0,837.0,1675.0,476.0,17304.0,2901.0,1294.0,3565.0,786.0,1168.0,20731.0,8849.0,0.0,10522.0,501.0,673.0,82.0,754.0,369.0,1710.0,1664.0,125801.0,5923.0,28111.0,3366.0,133062.0,12033.0,3827.0,2248.0,3289.0,17605.0,4837.0,48413.0,18296.0,20417.0,13348.0,327.0,8416.0,58.0,35709.0,8316.0,14591.0,41705.0,34578.0,1583.0,516.0,33.0,2837.0,385.0,2790.0,13094.0,4308.0,1349.0,1695.0,6664.0,13682.0,4669.0,869.0,52048.0,630.0,0.0,176.0,32412.0,753.0,20.0,174.0,9234.0,10959.0,6611.0,11.0,4124.0,185.0,2642.0,41005.0,15836.0,16154.0,42065.0,25493.0,4452.0,1055.0,2273.0,2420.0,20213.0,5545.0,1498.0,25222.0,88018.0,101134.0,76709.0,16154.0,8329.0,17881.0,0.0,596.0,22557.0,0.0,1558.0,1130.0,4990.0,18309.0,567.0,23832.0,23757.0,2690.0,542.0,3385.0,900.0,0.0,5715.0,375.0,3131.0,73.0,8832.0,367.0,59.0,252471.0,79538.0,20616.0,55598.0,362886.0,106951.0,23695.0,838.0,5329.0,6745.0,41796.0,20139.0,26009.0,9083.0,14160.0,6993.0,37469.0,3022.0,2000.0,959.0,4362.0,7901.0,2606.0,5.0,6578.0,37434.0,0.0,0.0,0.0,0.0,0.0
2015,33743.0,0.0,24578.0,18524.0,11423.0,0.0,109994.0,14290.0,162806.0,52993.0,301195.0,162726.0,83861.0,28672.0,56028.0,0.0,68403.0,60392.0,459954.0,6139.0,140940.0,34503.0,0.0,1660.0,90528.0,63693.0,0.0,14710.0,29200.0,48114.0,5233.0,163737.0,151720.0,94719.0,179912.0,23076.0,79196.0,39253.0,25078.0,152830.0,849204.0,756416.0,34281.0,0.0,0.0,0.0,4633724.0,7879.0,1497.0,2989.0,159.0,869.0,3952.0,102.0,650.0,6838.0,2183.0,2847.0,481.0,3297.0,0.0,0.0,0.0,17150.0,2428.0,537.0,0.0,2068.0,2112.0,283.0,10415.0,3168.0,759.0,625.0,1551.0,0.0,121.0,1288.0,239.0,358.0,6479.0,4944.0,0.0,0.0,0.0,0.0,0.0,0.0,0.0,0.0,0.0,0.0,0.0,0.0,0.0,63175.0,16469.0,11101.0,16601.0,233.0,2415.0,565.0,6766.0,6612.0,347.0,53310.0,8823.0,2814.0,14105.0,2545.0,1615.0,27591.0,9991.0,13231.0,26834.0,1947.0,0.0,2200.0,17786.0,32917.0,90.0,29371.0,1236.0,18918.0,37556.0,5647.0,662.0,456.0,699.0,29141.0,14132.0,102523.0,47136.0,5494.0,2293.0,5931.0,8748.0,5508.0,1436.0,822.0,9115.0,115.0,11828.0,19530.0,10891.0,29660.0,252.0,756.0,1163.0,2499.0,0.0,0.0,2930.0,35440.0,178.0,516.0,442.0,1089.0,318.0,2339.0,2921.0,319.0,277.0,590.0,24.0,7512.0,651.0,1118.0,68.0,451.0,32.0,56.0,201.0,66.0,7.0,278.0,2580.0,1285.0,1518.0,14191.0,7539.0,8021.0,11325.0,4142.0,6029.0,1174.0,2619.0,781.0,3986.0,11220.0,333.0,4725.0,84.0,4889.0,7446.0,8.0,1857.0,495.0,1189.0,2.0,8.0,8.0,12713.0,35.0,549.0,1460.0,6.0,10.0,2.0,2467.0,417.0,4247.0,428.0,1396.0,6464.0,824.0,39358.0,3070.0,241.0,0.0,0.0,0.0,0.0,0.0,0.0,0.0,371.0,40584.0,7439.0,15851.0,4158.0,45384.0,0.0,0.0,13023.0,751.0,1234.0,459954.0,5584.0,418.0,137.0,87168.0,11846.0,598.0,4927.0,4065.0,0.0,2947.0,1161.0,6820.0,1134.0,1735.0,2952.0,6056.0,57.0,6382.0,3092.0,24437.0,4651.0,5152.0,263.0,0.0,0.0,0.0,0.0,0.0,0.0,1153.0,252.0,77.0,178.0,3943.0,24613.0,1161.0,517.0,330.0,184.0,1281.0,396.0,91.0,705.0,836.0,113.0,7431.0,2185.0,3085.0,6953.0,26.0,204.0,448.0,1109.0,217.0,830.0,606.0,21.0,122.0,297.0,197.0,940.0,31687.0,3837.0,4458.0,54885.0,196.0,317.0,0.0,142.0,8110.0,6096.0,362.0,4209.0,881.0,1802.0,514.0,17334.0,2878.0,1582.0,3666.0,718.0,1156.0,20812.0,9281.0,0.0,11329.0,543.0,609.0,91.0,762.0,338.0,2259.0,1783.0,126556.0,6546.0,27615.0,3020.0,131755.0,13487.0,4062.0,2416.0,3320.0,17266.0,4990.0,51036.0,18107.0,19622.0,12227.0,307.0,8396.0,45.0,38516.0,8219.0,14066.0,39712.0,33902.0,1490.0,448.0,32.0,2930.0,424.0,2929.0,12295.0,4067.0,1197.0,2164.0,7411.0,13735.0,5420.0,735.0,51069.0,826.0,0.0,100.0,38303.0,675.0,26.0,149.0,7593.0,12760.0,4682.0,43.0,4452.0,192.0,2800.0,41205.0,15704.0,15412.0,41492.0,25770.0,4768.0,1035.0,3032.0,2544.0,20542.0,5934.0,1574.0,24689.0,85632.0,95471.0,75757.0,16251.0,8585.0,18551.0,0.0,656.0,24221.0,0.0,1566.0,1099.0,5355.0,18755.0,574.0,25927.0,25050.0,2815.0,529.0,3602.0,998.0,0.0,6279.0,449.0,3243.0,60.0,7461.0,298.0,81.0,264951.0,73852.0,22821.0,56260.0,367489.0,108676.0,22548.0,834.0,5531.0,7113.0,43125.0,21543.0,25690.0,8452.0,13630.0,8742.0,39028.0,3199.0,1860.0,1019.0,4817.0,7672.0,2531.0,12.0,6645.0,34281.0,0.0,0.0,0.0,0.0,0.0
